Range,REF,PropertyName,PropertyDescription,PropertyDescriptionShort,PropertyFilter,PropertyFilterShort,Source,SectorCount,PublicCount,Type,Subtype,Year,YearDesc,File,Field,DataType,DataTypeAlt,RecordFilterBy,Filter,FilterValue,Filter2,Filter2Value,Filter3,Filter3Value,Filter4,Filter4Value,Filter5,Filter5Value,ShouldBeNormalised,NormalisedLookup,CompoundFields,ReturnMultipleRecords,IgnoreMapping
England,25_KS2P_RWMEXP_TOT_ENG,RwmExpected_Tot_Cohort_Eng_Current_Num,"Reading, writing and maths expected standard",RwmExpected,Total,Tot,EES,0,0,KS2_Performance,Performance,,,,,,,,,,,,,,,,,,,,,,
England,25_KS2P_RWMEXP_READ_TOT_ENG,RwmExpected_Reading_Tot_Cohort_Eng_Current_Num,"Reading, writing and maths expected standard",RwmExpected,Total,Tot,EES,0,0,KS2_Performance,Performance,,,,,,,,subject,Reading,,,,,,,,,,,,,
England,25_KS2P_RWMEXP_WRIT_TOT_ENG,RwmExpected_Writing_Tot_Cohort_Eng_Current_Num,"Reading, writing and maths expected standard",RwmExpected,Total,Tot,EES,0,0,KS2_Performance,Performance,,,,,,,,subject,Writing,,,,,,,,,,,,,
England,25_KS2P_RWMEXP_MATH_TOT_ENG,RwmExpected_Maths_Tot_Cohort_Eng_Current_Num,"Reading, writing and maths expected standard",RwmExpected,Total,Tot,EES,0,0,KS2_Performance,Performance,,,,,,,,subject,Maths,,,,,,,,,,,,,
England,25_KS2P_RWMEXP_BOY_ENG,RwmExpected_Boy_Cohort_Eng_Current_Num,"Reading, writing and maths expected standard",RwmExpected,Boys,Boy,EES,0,0,KS2_Performance,Performance,,,,,,,,,,,,,,,,,,,,,,
England,25_KS2P_RWMEXP_READ_BOY_ENG,RwmExpected_Reading_Boy_Cohort_Eng_Current_Num,"Reading, writing and maths expected standard",RwmExpected,Boys,Boy,EES,0,0,KS2_Performance,Performance,,,,,,,,subject,Reading,,,,,,,,,,,,,
England,25_KS2P_RWMEXP_WRIT_BOY_ENG,RwmExpected_Writing_Boy_Cohort_Eng_Current_Num,"Reading, writing and maths expected standard",RwmExpected,Boys,Boy,EES,0,0,KS2_Performance,Performance,,,,,,,,subject,Writing,,,,,,,,,,,,,
England,25_KS2P_RWMEXP_MATH_BOY_ENG,RwmExpected_Maths_Boy_Cohort_Eng_Current_Num,"Reading, writing and maths expected standard",RwmExpected,Boys,Boy,EES,0,0,KS2_Performance,Performance,,,,,,,,subject,Maths,,,,,,,,,,,,,
England,25_KS2P_RWMEXP_GRL_ENG,RwmExpected_Grl_Cohort_Eng_Current_Num,"Reading, writing and maths expected standard",RwmExpected,Girls,Grl,EES,0,0,KS2_Performance,Performance,,,,,,,,,,,,,,,,,,,,,,
England,25_KS2P_RWMEXP_READ_GRL_ENG,RwmExpected_Reading_Grl_Cohort_Eng_Current_Num,"Reading, writing and maths expected standard",RwmExpected,Girls,Grl,EES,0,0,KS2_Performance,Performance,,,,,,,,subject,Reading,,,,,,,,,,,,,
England,25_KS2P_RWMEXP_WRIT_GRL_ENG,RwmExpected_Writing_Grl_Cohort_Eng_Current_Num,"Reading, writing and maths expected standard",RwmExpected,Girls,Grl,EES,0,0,KS2_Performance,Performance,,,,,,,,subject,Writing,,,,,,,,,,,,,
England,25_KS2P_RWMEXP_MATH_GRL_ENG,RwmExpected_Maths_Grl_Cohort_Eng_Current_Num,"Reading, writing and maths expected standard",RwmExpected,Girls,Grl,EES,0,0,KS2_Performance,Performance,,,,,,,,subject,Maths,,,,,,,,,,,,,
England,25_KS2P_RWMEXP_DIS_ENG,RwmExpected_Dis_Cohort_Eng_Current_Num,"Reading, writing and maths expected standard",RwmExpected,Disadvantaged,Dis,EES,0,0,KS2_Performance,Performance,,,,,,,,,,,,,,,,,,,,,,
England,25_KS2P_RWMEXP_READ_DIS_ENG,RwmExpected_Reading_Dis_Cohort_Eng_Current_Num,"Reading, writing and maths expected standard",RwmExpected,Disadvantaged,Dis,EES,0,0,KS2_Performance,Performance,,,,,,,,subject,Reading,,,,,,,,,,,,,
England,25_KS2P_RWMEXP_WRIT_DIS_ENG,RwmExpected_Writing_Dis_Cohort_Eng_Current_Num,"Reading, writing and maths expected standard",RwmExpected,Disadvantaged,Dis,EES,0,0,KS2_Performance,Performance,,,,,,,,subject,Writing,,,,,,,,,,,,,
England,25_KS2P_RWMEXP_MATH_DIS_ENG,RwmExpected_Maths_Dis_Cohort_Eng_Current_Num,"Reading, writing and maths expected standard",RwmExpected,Disadvantaged,Dis,EES,0,0,KS2_Performance,Performance,,,,,,,,subject,Maths,,,,,,,,,,,,,
England,25_KS2P_RWMEXP_NDI_ENG,RwmExpected_NDi_Cohort_Eng_Current_Num,"Reading, writing and maths expected standard",RwmExpected,Not disadvantaged,NDi,EES,0,0,KS2_Performance,Performance,,,,,,,,,,,,,,,,,,,,,,
England,25_KS2P_RWMEXP_READ_NDI_ENG,RwmExpected_Reading_NDi_Cohort_Eng_Current_Num,"Reading, writing and maths expected standard",RwmExpected,Not disadvantaged,NDi,EES,0,0,KS2_Performance,Performance,,,,,,,,subject,Reading,,,,,,,,,,,,,
England,25_KS2P_RWMEXP_WRIT_NDI_ENG,RwmExpected_Writing_NDi_Cohort_Eng_Current_Num,"Reading, writing and maths expected standard",RwmExpected,Not disadvantaged,NDi,EES,0,0,KS2_Performance,Performance,,,,,,,,subject,Writing,,,,,,,,,,,,,
England,25_KS2P_RWMEXP_MATH_NDI_ENG,RwmExpected_Maths_NDi_Cohort_Eng_Current_Num,"Reading, writing and maths expected standard",RwmExpected,Not disadvantaged,NDi,EES,0,0,KS2_Performance,Performance,,,,,,,,subject,Maths,,,,,,,,,,,,,
England,25_KS2P_RWMEXP_SENEHC_ENG,RwmExpected_SENEHC_Cohort_Eng_Current_Num,"Reading, writing and maths expected standard",RwmExpected,SEN EHC,SENEHC,EES,0,0,KS2_Performance,Performance,,,,,,,,,,,,,,,,,,,,,,
England,25_KS2P_RWMEXP_READ_SENEHC_ENG,RwmExpected_Reading_SENEHC_Cohort_Eng_Current_Num,"Reading, writing and maths expected standard",RwmExpected,SEN EHC,SENEHC,EES,0,0,KS2_Performance,Performance,,,,,,,,subject,Reading,,,,,,,,,,,,,
England,25_KS2P_RWMEXP_WRIT_SENEHC_ENG,RwmExpected_Writing_SENEHC_Cohort_Eng_Current_Num,"Reading, writing and maths expected standard",RwmExpected,SEN EHC,SENEHC,EES,0,0,KS2_Performance,Performance,,,,,,,,subject,Writing,,,,,,,,,,,,,
England,25_KS2P_RWMEXP_MATH_SENEHC_ENG,RwmExpected_Maths_SENEHC_Cohort_Eng_Current_Num,"Reading, writing and maths expected standard",RwmExpected,SEN EHC,SENEHC,EES,0,0,KS2_Performance,Performance,,,,,,,,subject,Maths,,,,,,,,,,,,,
England,25_KS2P_RWMEXP_SENSUP_ENG,RwmExpected_SENSup_Cohort_Eng_Current_Num,"Reading, writing and maths expected standard",RwmExpected,SEN support,SENSup,EES,0,0,KS2_Performance,Performance,,,,,,,,,,,,,,,,,,,,,,
England,25_KS2P_RWMEXP_READ_SENSUP_ENG,RwmExpected_Reading_SENSup_Cohort_Eng_Current_Num,"Reading, writing and maths expected standard",RwmExpected,SEN support,SENSup,EES,0,0,KS2_Performance,Performance,,,,,,,,subject,Reading,,,,,,,,,,,,,
England,25_KS2P_RWMEXP_WRIT_SENSUP_ENG,RwmExpected_Writing_SENSup_Cohort_Eng_Current_Num,"Reading, writing and maths expected standard",RwmExpected,SEN support,SENSup,EES,0,0,KS2_Performance,Performance,,,,,,,,subject,Writing,,,,,,,,,,,,,
England,25_KS2P_RWMEXP_MATH_SENSUP_ENG,RwmExpected_Maths_SENSup_Cohort_Eng_Current_Num,"Reading, writing and maths expected standard",RwmExpected,SEN support,SENSup,EES,0,0,KS2_Performance,Performance,,,,,,,,subject,Maths,,,,,,,,,,,,,
England,25_KS2P_RWMEXP_NOSEN_ENG,RwmExpected_NoSEN_Cohort_Eng_Current_Num,"Reading, writing and maths expected standard",RwmExpected,No SEN,NoSEN,EES,0,0,KS2_Performance,Performance,,,,,,,,,,,,,,,,,,,,,,
England,25_KS2P_RWMEXP_READ_NOSEN_ENG,RwmExpected_Reading_NoSEN_Cohort_Eng_Current_Num,"Reading, writing and maths expected standard",RwmExpected,No SEN,NoSEN,EES,0,0,KS2_Performance,Performance,,,,,,,,subject,Reading,,,,,,,,,,,,,
England,25_KS2P_RWMEXP_WRIT_NOSEN_ENG,RwmExpected_Writing_NoSEN_Cohort_Eng_Current_Num,"Reading, writing and maths expected standard",RwmExpected,No SEN,NoSEN,EES,0,0,KS2_Performance,Performance,,,,,,,,subject,Writing,,,,,,,,,,,,,
England,25_KS2P_RWMEXP_MATH_NOSEN_ENG,RwmExpected_Maths_NoSEN_Cohort_Eng_Current_Num,"Reading, writing and maths expected standard",RwmExpected,No SEN,NoSEN,EES,0,0,KS2_Performance,Performance,,,,,,,,subject,Maths,,,,,,,,,,,,,
England,25_KS2P_RWMEXP_EFL_ENG,RwmExpected_EFL_Cohort_Eng_Current_Num,"Reading, writing and maths expected standard",RwmExpected,English first language,EFL,EES,0,0,KS2_Performance,Performance,,,,,,,,,,,,,,,,,,,,,,
England,25_KS2P_RWMEXP_READ_EFL_ENG,RwmExpected_Reading_EFL_Cohort_Eng_Current_Num,"Reading, writing and maths expected standard",RwmExpected,English first language,EFL,EES,0,0,KS2_Performance,Performance,,,,,,,,subject,Reading,,,,,,,,,,,,,
England,25_KS2P_RWMEXP_WRIT_EFL_ENG,RwmExpected_Writing_EFL_Cohort_Eng_Current_Num,"Reading, writing and maths expected standard",RwmExpected,English first language,EFL,EES,0,0,KS2_Performance,Performance,,,,,,,,subject,Writing,,,,,,,,,,,,,
England,25_KS2P_RWMEXP_MATH_EFL_ENG,RwmExpected_Maths_EFL_Cohort_Eng_Current_Num,"Reading, writing and maths expected standard",RwmExpected,English first language,EFL,EES,0,0,KS2_Performance,Performance,,,,,,,,subject,Maths,,,,,,,,,,,,,
England,25_KS2P_RWMEXP_EAL_ENG,RwmExpected_EAL_Cohort_Eng_Current_Num,"Reading, writing and maths expected standard",RwmExpected,English as an additional language,EAL,EES,0,0,KS2_Performance,Performance,,,,,,,,,,,,,,,,,,,,,,
England,25_KS2P_RWMEXP_READ_EAL_ENG,RwmExpected_Reading_EAL_Cohort_Eng_Current_Num,"Reading, writing and maths expected standard",RwmExpected,English as an additional language,EAL,EES,0,0,KS2_Performance,Performance,,,,,,,,subject,Reading,,,,,,,,,,,,,
England,25_KS2P_RWMEXP_WRIT_EAL_ENG,RwmExpected_Writing_EAL_Cohort_Eng_Current_Num,"Reading, writing and maths expected standard",RwmExpected,English as an additional language,EAL,EES,0,0,KS2_Performance,Performance,,,,,,,,subject,Writing,,,,,,,,,,,,,
England,25_KS2P_RWMEXP_MATH_EAL_ENG,RwmExpected_Maths_EAL_Cohort_Eng_Current_Num,"Reading, writing and maths expected standard",RwmExpected,English as an additional language,EAL,EES,0,0,KS2_Performance,Performance,,,,,,,,subject,Maths,,,,,,,,,,,,,
England,25_KS2P_RWMEXP_NMO_ENG,RwmExpected_NMo_Cohort_Eng_Current_Num,"Reading, writing and maths expected standard",RwmExpected,Non-mobile,NMo,EES,0,0,KS2_Performance,Performance,,,,,,,,,,,,,,,,,,,,,,
England,25_KS2P_RWMEXP_READ_NMO_ENG,RwmExpected_Reading_NMo_Cohort_Eng_Current_Num,"Reading, writing and maths expected standard",RwmExpected,Non-mobile,NMo,EES,0,0,KS2_Performance,Performance,,,,,,,,subject,Reading,,,,,,,,,,,,,
England,25_KS2P_RWMEXP_WRIT_NMO_ENG,RwmExpected_Writing_NMo_Cohort_Eng_Current_Num,"Reading, writing and maths expected standard",RwmExpected,Non-mobile,NMo,EES,0,0,KS2_Performance,Performance,,,,,,,,subject,Writing,,,,,,,,,,,,,
England,25_KS2P_RWMEXP_MATH_NMO_ENG,RwmExpected_Maths_NMo_Cohort_Eng_Current_Num,"Reading, writing and maths expected standard",RwmExpected,Non-mobile,NMo,EES,0,0,KS2_Performance,Performance,,,,,,,,subject,Maths,,,,,,,,,,,,,
England,25_KS2P_RWMEXP_MOB_ENG,RwmExpected_Mob_Cohort_Eng_Current_Num,"Reading, writing and maths expected standard",RwmExpected,Mobile,Mob,EES,0,0,KS2_Performance,Performance,,,,,,,,,,,,,,,,,,,,,,
England,25_KS2P_RWMEXP_READ_MOB_ENG,RwmExpected_Reading_Mob_Cohort_Eng_Current_Num,"Reading, writing and maths expected standard",RwmExpected,Mobile,Mob,EES,0,0,KS2_Performance,Performance,,,,,,,,subject,Reading,,,,,,,,,,,,,
England,25_KS2P_RWMEXP_WRIT_MOB_ENG,RwmExpected_Writing_Mob_Cohort_Eng_Current_Num,"Reading, writing and maths expected standard",RwmExpected,Mobile,Mob,EES,0,0,KS2_Performance,Performance,,,,,,,,subject,Writing,,,,,,,,,,,,,
England,25_KS2P_RWMEXP_MATH_MOB_ENG,RwmExpected_Maths_Mob_Cohort_Eng_Current_Num,"Reading, writing and maths expected standard",RwmExpected,Mobile,Mob,EES,0,0,KS2_Performance,Performance,,,,,,,,subject,Maths,,,,,,,,,,,,,
England,25_KS2P_RWMHIG_TOT_ENG,RwmHigher_Tot_Cohort_Eng_Current_Num,"Reading, writing and maths higher standard",RwmHigher,Total,Tot,EES,0,0,KS2_Performance,Performance,,,,,,,,,,,,,,,,,,,,,,
England,25_KS2P_RWMHIG_READ_TOT_ENG,RwmHigher_Reading_Tot_Cohort_Eng_Current_Num,"Reading, writing and maths higher standard",RwmHigher,Total,Tot,EES,0,0,KS2_Performance,Performance,,,,,,,,subject,Reading,,,,,,,,,,,,,
England,25_KS2P_RWMHIG_WRIT_TOT_ENG,RwmHigher_Writing_Tot_Cohort_Eng_Current_Num,"Reading, writing and maths higher standard",RwmHigher,Total,Tot,EES,0,0,KS2_Performance,Performance,,,,,,,,subject,Writing,,,,,,,,,,,,,
England,25_KS2P_RWMHIG_MATH_TOT_ENG,RwmHigher_Maths_Tot_Cohort_Eng_Current_Num,"Reading, writing and maths higher standard",RwmHigher,Total,Tot,EES,0,0,KS2_Performance,Performance,,,,,,,,subject,Maths,,,,,,,,,,,,,
England,25_KS2P_RWMHIG_BOY_ENG,RwmHigher_Boy_Cohort_Eng_Current_Num,"Reading, writing and maths higher standard",RwmHigher,Boys,Boy,EES,0,0,KS2_Performance,Performance,,,,,,,,,,,,,,,,,,,,,,
England,25_KS2P_RWMHIG_READ_BOY_ENG,RwmHigher_Reading_Boy_Cohort_Eng_Current_Num,"Reading, writing and maths higher standard",RwmHigher,Boys,Boy,EES,0,0,KS2_Performance,Performance,,,,,,,,subject,Reading,,,,,,,,,,,,,
England,25_KS2P_RWMHIG_WRIT_BOY_ENG,RwmHigher_Writing_Boy_Cohort_Eng_Current_Num,"Reading, writing and maths higher standard",RwmHigher,Boys,Boy,EES,0,0,KS2_Performance,Performance,,,,,,,,subject,Writing,,,,,,,,,,,,,
England,25_KS2P_RWMHIG_MATH_BOY_ENG,RwmHigher_Maths_Boy_Cohort_Eng_Current_Num,"Reading, writing and maths higher standard",RwmHigher,Boys,Boy,EES,0,0,KS2_Performance,Performance,,,,,,,,subject,Maths,,,,,,,,,,,,,
England,25_KS2P_RWMHIG_GRL_ENG,RwmHigher_Grl_Cohort_Eng_Current_Num,"Reading, writing and maths higher standard",RwmHigher,Girls,Grl,EES,0,0,KS2_Performance,Performance,,,,,,,,,,,,,,,,,,,,,,
England,25_KS2P_RWMHIG_READ_GRL_ENG,RwmHigher_Reading_Grl_Cohort_Eng_Current_Num,"Reading, writing and maths higher standard",RwmHigher,Girls,Grl,EES,0,0,KS2_Performance,Performance,,,,,,,,subject,Reading,,,,,,,,,,,,,
England,25_KS2P_RWMHIG_WRIT_GRL_ENG,RwmHigher_Writing_Grl_Cohort_Eng_Current_Num,"Reading, writing and maths higher standard",RwmHigher,Girls,Grl,EES,0,0,KS2_Performance,Performance,,,,,,,,subject,Writing,,,,,,,,,,,,,
England,25_KS2P_RWMHIG_MATH_GRL_ENG,RwmHigher_Maths_Grl_Cohort_Eng_Current_Num,"Reading, writing and maths higher standard",RwmHigher,Girls,Grl,EES,0,0,KS2_Performance,Performance,,,,,,,,subject,Maths,,,,,,,,,,,,,
England,25_KS2P_RWMHIG_DIS_ENG,RwmHigher_Dis_Cohort_Eng_Current_Num,"Reading, writing and maths higher standard",RwmHigher,Disadvantaged,Dis,EES,0,0,KS2_Performance,Performance,,,,,,,,,,,,,,,,,,,,,,
England,25_KS2P_RWMHIG_READ_DIS_ENG,RwmHigher_Reading_Dis_Cohort_Eng_Current_Num,"Reading, writing and maths higher standard",RwmHigher,Disadvantaged,Dis,EES,0,0,KS2_Performance,Performance,,,,,,,,subject,Reading,,,,,,,,,,,,,
England,25_KS2P_RWMHIG_WRIT_DIS_ENG,RwmHigher_Writing_Dis_Cohort_Eng_Current_Num,"Reading, writing and maths higher standard",RwmHigher,Disadvantaged,Dis,EES,0,0,KS2_Performance,Performance,,,,,,,,subject,Writing,,,,,,,,,,,,,
England,25_KS2P_RWMHIG_MATH_DIS_ENG,RwmHigher_Maths_Dis_Cohort_Eng_Current_Num,"Reading, writing and maths higher standard",RwmHigher,Disadvantaged,Dis,EES,0,0,KS2_Performance,Performance,,,,,,,,subject,Maths,,,,,,,,,,,,,
England,25_KS2P_RWMHIG_NDI_ENG,RwmHigher_NDi_Cohort_Eng_Current_Num,"Reading, writing and maths higher standard",RwmHigher,Not disadvantaged,NDi,EES,0,0,KS2_Performance,Performance,,,,,,,,,,,,,,,,,,,,,,
England,25_KS2P_RWMHIG_READ_NDI_ENG,RwmHigher_Reading_NDi_Cohort_Eng_Current_Num,"Reading, writing and maths higher standard",RwmHigher,Not disadvantaged,NDi,EES,0,0,KS2_Performance,Performance,,,,,,,,subject,Reading,,,,,,,,,,,,,
England,25_KS2P_RWMHIG_WRIT_NDI_ENG,RwmHigher_Writing_NDi_Cohort_Eng_Current_Num,"Reading, writing and maths higher standard",RwmHigher,Not disadvantaged,NDi,EES,0,0,KS2_Performance,Performance,,,,,,,,subject,Writing,,,,,,,,,,,,,
England,25_KS2P_RWMHIG_MATH_NDI_ENG,RwmHigher_Maths_NDi_Cohort_Eng_Current_Num,"Reading, writing and maths higher standard",RwmHigher,Not disadvantaged,NDi,EES,0,0,KS2_Performance,Performance,,,,,,,,subject,Maths,,,,,,,,,,,,,
England,25_KS2P_RWMHIG_SENEHC_ENG,RwmHigher_SENEHC_Cohort_Eng_Current_Num,"Reading, writing and maths higher standard",RwmHigher,SEN EHC,SENEHC,EES,0,0,KS2_Performance,Performance,,,,,,,,,,,,,,,,,,,,,,
England,25_KS2P_RWMHIG_READ_SENEHC_ENG,RwmHigher_Reading_SENEHC_Cohort_Eng_Current_Num,"Reading, writing and maths higher standard",RwmHigher,SEN EHC,SENEHC,EES,0,0,KS2_Performance,Performance,,,,,,,,subject,Reading,,,,,,,,,,,,,
England,25_KS2P_RWMHIG_WRIT_SENEHC_ENG,RwmHigher_Writing_SENEHC_Cohort_Eng_Current_Num,"Reading, writing and maths higher standard",RwmHigher,SEN EHC,SENEHC,EES,0,0,KS2_Performance,Performance,,,,,,,,subject,Writing,,,,,,,,,,,,,
England,25_KS2P_RWMHIG_MATH_SENEHC_ENG,RwmHigher_Maths_SENEHC_Cohort_Eng_Current_Num,"Reading, writing and maths higher standard",RwmHigher,SEN EHC,SENEHC,EES,0,0,KS2_Performance,Performance,,,,,,,,subject,Maths,,,,,,,,,,,,,
England,25_KS2P_RWMHIG_SENSUP_ENG,RwmHigher_SENSup_Cohort_Eng_Current_Num,"Reading, writing and maths higher standard",RwmHigher,SEN support,SENSup,EES,0,0,KS2_Performance,Performance,,,,,,,,,,,,,,,,,,,,,,
England,25_KS2P_RWMHIG_READ_SENSUP_ENG,RwmHigher_Reading_SENSup_Cohort_Eng_Current_Num,"Reading, writing and maths higher standard",RwmHigher,SEN support,SENSup,EES,0,0,KS2_Performance,Performance,,,,,,,,subject,Reading,,,,,,,,,,,,,
England,25_KS2P_RWMHIG_WRIT_SENSUP_ENG,RwmHigher_Writing_SENSup_Cohort_Eng_Current_Num,"Reading, writing and maths higher standard",RwmHigher,SEN support,SENSup,EES,0,0,KS2_Performance,Performance,,,,,,,,subject,Writing,,,,,,,,,,,,,
England,25_KS2P_RWMHIG_MATH_SENSUP_ENG,RwmHigher_Maths_SENSup_Cohort_Eng_Current_Num,"Reading, writing and maths higher standard",RwmHigher,SEN support,SENSup,EES,0,0,KS2_Performance,Performance,,,,,,,,subject,Maths,,,,,,,,,,,,,
England,25_KS2P_RWMHIG_NOSEN_ENG,RwmHigher_NoSEN_Cohort_Eng_Current_Num,"Reading, writing and maths higher standard",RwmHigher,No SEN,NoSEN,EES,0,0,KS2_Performance,Performance,,,,,,,,,,,,,,,,,,,,,,
England,25_KS2P_RWMHIG_READ_NOSEN_ENG,RwmHigher_Reading_NoSEN_Cohort_Eng_Current_Num,"Reading, writing and maths higher standard",RwmHigher,No SEN,NoSEN,EES,0,0,KS2_Performance,Performance,,,,,,,,subject,Reading,,,,,,,,,,,,,
England,25_KS2P_RWMHIG_WRIT_NOSEN_ENG,RwmHigher_Writing_NoSEN_Cohort_Eng_Current_Num,"Reading, writing and maths higher standard",RwmHigher,No SEN,NoSEN,EES,0,0,KS2_Performance,Performance,,,,,,,,subject,Writing,,,,,,,,,,,,,
England,25_KS2P_RWMHIG_MATH_NOSEN_ENG,RwmHigher_Maths_NoSEN_Cohort_Eng_Current_Num,"Reading, writing and maths higher standard",RwmHigher,No SEN,NoSEN,EES,0,0,KS2_Performance,Performance,,,,,,,,subject,Maths,,,,,,,,,,,,,
England,25_KS2P_RWMHIG_EFL_ENG,RwmHigher_EFL_Cohort_Eng_Current_Num,"Reading, writing and maths higher standard",RwmHigher,English first language,EFL,EES,0,0,KS2_Performance,Performance,,,,,,,,,,,,,,,,,,,,,,
England,25_KS2P_RWMHIG_READ_EFL_ENG,RwmHigher_Reading_EFL_Cohort_Eng_Current_Num,"Reading, writing and maths higher standard",RwmHigher,English first language,EFL,EES,0,0,KS2_Performance,Performance,,,,,,,,subject,Reading,,,,,,,,,,,,,
England,25_KS2P_RWMHIG_WRIT_EFL_ENG,RwmHigher_Writing_EFL_Cohort_Eng_Current_Num,"Reading, writing and maths higher standard",RwmHigher,English first language,EFL,EES,0,0,KS2_Performance,Performance,,,,,,,,subject,Writing,,,,,,,,,,,,,
England,25_KS2P_RWMHIG_MATH_EFL_ENG,RwmHigher_Maths_EFL_Cohort_Eng_Current_Num,"Reading, writing and maths higher standard",RwmHigher,English first language,EFL,EES,0,0,KS2_Performance,Performance,,,,,,,,subject,Maths,,,,,,,,,,,,,
England,25_KS2P_RWMHIG_EAL_ENG,RwmHigher_EAL_Cohort_Eng_Current_Num,"Reading, writing and maths higher standard",RwmHigher,English as an additional language,EAL,EES,0,0,KS2_Performance,Performance,,,,,,,,,,,,,,,,,,,,,,
England,25_KS2P_RWMHIG_READ_EAL_ENG,RwmHigher_Reading_EAL_Cohort_Eng_Current_Num,"Reading, writing and maths higher standard",RwmHigher,English as an additional language,EAL,EES,0,0,KS2_Performance,Performance,,,,,,,,subject,Reading,,,,,,,,,,,,,
England,25_KS2P_RWMHIG_WRIT_EAL_ENG,RwmHigher_Writing_EAL_Cohort_Eng_Current_Num,"Reading, writing and maths higher standard",RwmHigher,English as an additional language,EAL,EES,0,0,KS2_Performance,Performance,,,,,,,,subject,Writing,,,,,,,,,,,,,
England,25_KS2P_RWMHIG_MATH_EAL_ENG,RwmHigher_Maths_EAL_Cohort_Eng_Current_Num,"Reading, writing and maths higher standard",RwmHigher,English as an additional language,EAL,EES,0,0,KS2_Performance,Performance,,,,,,,,subject,Maths,,,,,,,,,,,,,
England,25_KS2P_RWMHIG_NMO_ENG,RwmHigher_NMo_Cohort_Eng_Current_Num,"Reading, writing and maths higher standard",RwmHigher,Non-mobile,NMo,EES,0,0,KS2_Performance,Performance,,,,,,,,,,,,,,,,,,,,,,
England,25_KS2P_RWMHIG_READ_NMO_ENG,RwmHigher_Reading_NMo_Cohort_Eng_Current_Num,"Reading, writing and maths higher standard",RwmHigher,Non-mobile,NMo,EES,0,0,KS2_Performance,Performance,,,,,,,,subject,Reading,,,,,,,,,,,,,
England,25_KS2P_RWMHIG_WRIT_NMO_ENG,RwmHigher_Writing_NMo_Cohort_Eng_Current_Num,"Reading, writing and maths higher standard",RwmHigher,Non-mobile,NMo,EES,0,0,KS2_Performance,Performance,,,,,,,,subject,Writing,,,,,,,,,,,,,
England,25_KS2P_RWMHIG_MATH_NMO_ENG,RwmHigher_Maths_NMo_Cohort_Eng_Current_Num,"Reading, writing and maths higher standard",RwmHigher,Non-mobile,NMo,EES,0,0,KS2_Performance,Performance,,,,,,,,subject,Maths,,,,,,,,,,,,,
England,25_KS2P_RWMHIG_MOB_ENG,RwmHigher_Mob_Cohort_Eng_Current_Num,"Reading, writing and maths higher standard",RwmHigher,Mobile,Mob,EES,0,0,KS2_Performance,Performance,,,,,,,,,,,,,,,,,,,,,,
England,25_KS2P_RWMHIG_READ_MOB_ENG,RwmHigher_Reading_Mob_Cohort_Eng_Current_Num,"Reading, writing and maths higher standard",RwmHigher,Mobile,Mob,EES,0,0,KS2_Performance,Performance,,,,,,,,subject,Reading,,,,,,,,,,,,,
England,25_KS2P_RWMHIG_WRIT_MOB_ENG,RwmHigher_Writing_Mob_Cohort_Eng_Current_Num,"Reading, writing and maths higher standard",RwmHigher,Mobile,Mob,EES,0,0,KS2_Performance,Performance,,,,,,,,subject,Writing,,,,,,,,,,,,,
England,25_KS2P_RWMHIG_MATH_MOB_ENG,RwmHigher_Maths_Mob_Cohort_Eng_Current_Num,"Reading, writing and maths higher standard",RwmHigher,Mobile,Mob,EES,0,0,KS2_Performance,Performance,,,,,,,,subject,Maths,,,,,,,,,,,,,
England,25_KS2P_READSCA_TOT_ENG,ReadingScaledScore_Tot_Cohort_Eng_Current_Num,Reading scaled score,ReadingScaledScore,Total,Tot,EES,0,0,KS2_Performance,Performance,,,,,,,,,,,,,,,,,,,,,,
England,25_KS2P_READSCA_BOY_ENG,ReadingScaledScore_Boy_Cohort_Eng_Current_Num,Reading scaled score,ReadingScaledScore,Boys,Boy,EES,0,0,KS2_Performance,Performance,,,,,,,,,,,,,,,,,,,,,,
England,25_KS2P_READSCA_GRL_ENG,ReadingScaledScore_Grl_Cohort_Eng_Current_Num,Reading scaled score,ReadingScaledScore,Girls,Grl,EES,0,0,KS2_Performance,Performance,,,,,,,,,,,,,,,,,,,,,,
England,25_KS2P_READSCA_DIS_ENG,ReadingScaledScore_Dis_Cohort_Eng_Current_Num,Reading scaled score,ReadingScaledScore,Disadvantaged,Dis,EES,0,0,KS2_Performance,Performance,,,,,,,,,,,,,,,,,,,,,,
England,25_KS2P_READSCA_NDI_ENG,ReadingScaledScore_NDi_Cohort_Eng_Current_Num,Reading scaled score,ReadingScaledScore,Not disadvantaged,NDi,EES,0,0,KS2_Performance,Performance,,,,,,,,,,,,,,,,,,,,,,
England,25_KS2P_READSCA_SENEHC_ENG,ReadingScaledScore_SENEHC_Cohort_Eng_Current_Num,Reading scaled score,ReadingScaledScore,SEN EHC,SENEHC,EES,0,0,KS2_Performance,Performance,,,,,,,,,,,,,,,,,,,,,,
England,25_KS2P_READSCA_SENSUP_ENG,ReadingScaledScore_SENSup_Cohort_Eng_Current_Num,Reading scaled score,ReadingScaledScore,SEN support,SENSup,EES,0,0,KS2_Performance,Performance,,,,,,,,,,,,,,,,,,,,,,
England,25_KS2P_READSCA_NOSEN_ENG,ReadingScaledScore_NoSEN_Cohort_Eng_Current_Num,Reading scaled score,ReadingScaledScore,No SEN,NoSEN,EES,0,0,KS2_Performance,Performance,,,,,,,,,,,,,,,,,,,,,,
England,25_KS2P_READSCA_EFL_ENG,ReadingScaledScore_EFL_Cohort_Eng_Current_Num,Reading scaled score,ReadingScaledScore,English first language,EFL,EES,0,0,KS2_Performance,Performance,,,,,,,,,,,,,,,,,,,,,,
England,25_KS2P_READSCA_EAL_ENG,ReadingScaledScore_EAL_Cohort_Eng_Current_Num,Reading scaled score,ReadingScaledScore,English as an additional language,EAL,EES,0,0,KS2_Performance,Performance,,,,,,,,,,,,,,,,,,,,,,
England,25_KS2P_READSCA_NMO_ENG,ReadingScaledScore_NMo_Cohort_Eng_Current_Num,Reading scaled score,ReadingScaledScore,Non-mobile,NMo,EES,0,0,KS2_Performance,Performance,,,,,,,,,,,,,,,,,,,,,,
England,25_KS2P_READSCA_MOB_ENG,ReadingScaledScore_Mob_Cohort_Eng_Current_Num,Reading scaled score,ReadingScaledScore,Mobile,Mob,EES,0,0,KS2_Performance,Performance,,,,,,,,,,,,,,,,,,,,,,
England,25_KS2P_MATHSCA_TOT_ENG,MathsScaledScore_Tot_Cohort_Eng_Current_Num,Maths scaled score,MathsScaledScore,Total,Tot,EES,0,0,KS2_Performance,Performance,,,,,,,,,,,,,,,,,,,,,,
England,25_KS2P_MATHSCA_BOY_ENG,MathsScaledScore_Boy_Cohort_Eng_Current_Num,Maths scaled score,MathsScaledScore,Boys,Boy,EES,0,0,KS2_Performance,Performance,,,,,,,,,,,,,,,,,,,,,,
England,25_KS2P_MATHSCA_GRL_ENG,MathsScaledScore_Grl_Cohort_Eng_Current_Num,Maths scaled score,MathsScaledScore,Girls,Grl,EES,0,0,KS2_Performance,Performance,,,,,,,,,,,,,,,,,,,,,,
England,25_KS2P_MATHSCA_DIS_ENG,MathsScaledScore_Dis_Cohort_Eng_Current_Num,Maths scaled score,MathsScaledScore,Disadvantaged,Dis,EES,0,0,KS2_Performance,Performance,,,,,,,,,,,,,,,,,,,,,,
England,25_KS2P_MATHSCA_NDI_ENG,MathsScaledScore_NDi_Cohort_Eng_Current_Num,Maths scaled score,MathsScaledScore,Not disadvantaged,NDi,EES,0,0,KS2_Performance,Performance,,,,,,,,,,,,,,,,,,,,,,
England,25_KS2P_MATHSCA_SENEHC_ENG,MathsScaledScore_SENEHC_Cohort_Eng_Current_Num,Maths scaled score,MathsScaledScore,SEN EHC,SENEHC,EES,0,0,KS2_Performance,Performance,,,,,,,,,,,,,,,,,,,,,,
England,25_KS2P_MATHSCA_SENSUP_ENG,MathsScaledScore_SENSup_Cohort_Eng_Current_Num,Maths scaled score,MathsScaledScore,SEN support,SENSup,EES,0,0,KS2_Performance,Performance,,,,,,,,,,,,,,,,,,,,,,
England,25_KS2P_MATHSCA_NOSEN_ENG,MathsScaledScore_NoSEN_Cohort_Eng_Current_Num,Maths scaled score,MathsScaledScore,No SEN,NoSEN,EES,0,0,KS2_Performance,Performance,,,,,,,,,,,,,,,,,,,,,,
England,25_KS2P_MATHSCA_EFL_ENG,MathsScaledScore_EFL_Cohort_Eng_Current_Num,Maths scaled score,MathsScaledScore,English first language,EFL,EES,0,0,KS2_Performance,Performance,,,,,,,,,,,,,,,,,,,,,,
England,25_KS2P_MATHSCA_EAL_ENG,MathsScaledScore_EAL_Cohort_Eng_Current_Num,Maths scaled score,MathsScaledScore,English as an additional language,EAL,EES,0,0,KS2_Performance,Performance,,,,,,,,,,,,,,,,,,,,,,
England,25_KS2P_MATHSCA_NMO_ENG,MathsScaledScore_NMo_Cohort_Eng_Current_Num,Maths scaled score,MathsScaledScore,Non-mobile,NMo,EES,0,0,KS2_Performance,Performance,,,,,,,,,,,,,,,,,,,,,,
England,25_KS2P_MATHSCA_MOB_ENG,MathsScaledScore_Mob_Cohort_Eng_Current_Num,Maths scaled score,MathsScaledScore,Mobile,Mob,EES,0,0,KS2_Performance,Performance,,,,,,,,,,,,,,,,,,,,,,
England,25_KS2P_GPSEXP_TOT_ENG,GpsExpected_Tot_Cohort_Eng_Current_Num,"Grammar, punctuation and spelling expected standard",GpsExpected,Total,Tot,EES,0,0,KS2_Performance,Performance,,,,,,,,,,,,,,,,,,,,,,
England,25_KS2P_GPSEXP_BOY_ENG,GpsExpected_Boy_Cohort_Eng_Current_Num,"Grammar, punctuation and spelling expected standard",GpsExpected,Boys,Boy,EES,0,0,KS2_Performance,Performance,,,,,,,,,,,,,,,,,,,,,,
England,25_KS2P_GPSEXP_GRL_ENG,GpsExpected_Grl_Cohort_Eng_Current_Num,"Grammar, punctuation and spelling expected standard",GpsExpected,Girls,Grl,EES,0,0,KS2_Performance,Performance,,,,,,,,,,,,,,,,,,,,,,
England,25_KS2P_GPSEXP_DIS_ENG,GpsExpected_Dis_Cohort_Eng_Current_Num,"Grammar, punctuation and spelling expected standard",GpsExpected,Disadvantaged,Dis,EES,0,0,KS2_Performance,Performance,,,,,,,,,,,,,,,,,,,,,,
England,25_KS2P_GPSEXP_NDI_ENG,GpsExpected_NDi_Cohort_Eng_Current_Num,"Grammar, punctuation and spelling expected standard",GpsExpected,Not disadvantaged,NDi,EES,0,0,KS2_Performance,Performance,,,,,,,,,,,,,,,,,,,,,,
England,25_KS2P_GPSEXP_SENEHC_ENG,GpsExpected_SENEHC_Cohort_Eng_Current_Num,"Grammar, punctuation and spelling expected standard",GpsExpected,SEN EHC,SENEHC,EES,0,0,KS2_Performance,Performance,,,,,,,,,,,,,,,,,,,,,,
England,25_KS2P_GPSEXP_SENSUP_ENG,GpsExpected_SENSup_Cohort_Eng_Current_Num,"Grammar, punctuation and spelling expected standard",GpsExpected,SEN support,SENSup,EES,0,0,KS2_Performance,Performance,,,,,,,,,,,,,,,,,,,,,,
England,25_KS2P_GPSEXP_NOSEN_ENG,GpsExpected_NoSEN_Cohort_Eng_Current_Num,"Grammar, punctuation and spelling expected standard",GpsExpected,No SEN,NoSEN,EES,0,0,KS2_Performance,Performance,,,,,,,,,,,,,,,,,,,,,,
England,25_KS2P_GPSEXP_EFL_ENG,GpsExpected_EFL_Cohort_Eng_Current_Num,"Grammar, punctuation and spelling expected standard",GpsExpected,English first language,EFL,EES,0,0,KS2_Performance,Performance,,,,,,,,,,,,,,,,,,,,,,
England,25_KS2P_GPSEXP_EAL_ENG,GpsExpected_EAL_Cohort_Eng_Current_Num,"Grammar, punctuation and spelling expected standard",GpsExpected,English as an additional language,EAL,EES,0,0,KS2_Performance,Performance,,,,,,,,,,,,,,,,,,,,,,
England,25_KS2P_GPSEXP_NMO_ENG,GpsExpected_NMo_Cohort_Eng_Current_Num,"Grammar, punctuation and spelling expected standard",GpsExpected,Non-mobile,NMo,EES,0,0,KS2_Performance,Performance,,,,,,,,,,,,,,,,,,,,,,
England,25_KS2P_GPSEXP_MOB_ENG,GpsExpected_Mob_Cohort_Eng_Current_Num,"Grammar, punctuation and spelling expected standard",GpsExpected,Mobile,Mob,EES,0,0,KS2_Performance,Performance,,,,,,,,,,,,,,,,,,,,,,
England,25_KS2P_GPSHIG_TOT_ENG,GpsHigher_Tot_Cohort_Eng_Current_Num,"Grammar, punctuation and spelling higher standard",GpsHigher,Total,Tot,EES,0,0,KS2_Performance,Performance,,,,,,,,,,,,,,,,,,,,,,
England,25_KS2P_GPSHIG_BOY_ENG,GpsHigher_Boy_Cohort_Eng_Current_Num,"Grammar, punctuation and spelling higher standard",GpsHigher,Boys,Boy,EES,0,0,KS2_Performance,Performance,,,,,,,,,,,,,,,,,,,,,,
England,25_KS2P_GPSHIG_GRL_ENG,GpsHigher_Grl_Cohort_Eng_Current_Num,"Grammar, punctuation and spelling higher standard",GpsHigher,Girls,Grl,EES,0,0,KS2_Performance,Performance,,,,,,,,,,,,,,,,,,,,,,
England,25_KS2P_GPSHIG_DIS_ENG,GpsHigher_Dis_Cohort_Eng_Current_Num,"Grammar, punctuation and spelling higher standard",GpsHigher,Disadvantaged,Dis,EES,0,0,KS2_Performance,Performance,,,,,,,,,,,,,,,,,,,,,,
England,25_KS2P_GPSHIG_NDI_ENG,GpsHigher_NDi_Cohort_Eng_Current_Num,"Grammar, punctuation and spelling higher standard",GpsHigher,Not disadvantaged,NDi,EES,0,0,KS2_Performance,Performance,,,,,,,,,,,,,,,,,,,,,,
England,25_KS2P_GPSHIG_SENEHC_ENG,GpsHigher_SENEHC_Cohort_Eng_Current_Num,"Grammar, punctuation and spelling higher standard",GpsHigher,SEN EHC,SENEHC,EES,0,0,KS2_Performance,Performance,,,,,,,,,,,,,,,,,,,,,,
England,25_KS2P_GPSHIG_SENSUP_ENG,GpsHigher_SENSup_Cohort_Eng_Current_Num,"Grammar, punctuation and spelling higher standard",GpsHigher,SEN support,SENSup,EES,0,0,KS2_Performance,Performance,,,,,,,,,,,,,,,,,,,,,,
England,25_KS2P_GPSHIG_NOSEN_ENG,GpsHigher_NoSEN_Cohort_Eng_Current_Num,"Grammar, punctuation and spelling higher standard",GpsHigher,No SEN,NoSEN,EES,0,0,KS2_Performance,Performance,,,,,,,,,,,,,,,,,,,,,,
England,25_KS2P_GPSHIG_EFL_ENG,GpsHigher_EFL_Cohort_Eng_Current_Num,"Grammar, punctuation and spelling higher standard",GpsHigher,English first language,EFL,EES,0,0,KS2_Performance,Performance,,,,,,,,,,,,,,,,,,,,,,
England,25_KS2P_GPSHIG_EAL_ENG,GpsHigher_EAL_Cohort_Eng_Current_Num,"Grammar, punctuation and spelling higher standard",GpsHigher,English as an additional language,EAL,EES,0,0,KS2_Performance,Performance,,,,,,,,,,,,,,,,,,,,,,
England,25_KS2P_GPSHIG_NMO_ENG,GpsHigher_NMo_Cohort_Eng_Current_Num,"Grammar, punctuation and spelling higher standard",GpsHigher,Non-mobile,NMo,EES,0,0,KS2_Performance,Performance,,,,,,,,,,,,,,,,,,,,,,
England,25_KS2P_GPSHIG_MOB_ENG,GpsHigher_Mob_Cohort_Eng_Current_Num,"Grammar, punctuation and spelling higher standard",GpsHigher,Mobile,Mob,EES,0,0,KS2_Performance,Performance,,,,,,,,,,,,,,,,,,,,,,
England,24_KS2P_RWMEXP_TOT_ENG,RwmExpected_Tot_Cohort_Eng_Previous_Num,"Reading, writing and maths expected standard",RwmExpected,Total,Tot,EES,0,0,KS2_Performance,Performance,,,,,,,,,,,,,,,,,,,,,,
England,24_KS2P_RWMEXP_READ_TOT_ENG,RwmExpected_Reading_Tot_Cohort_Eng_Previous_Num,"Reading, writing and maths expected standard",RwmExpected,Total,Tot,EES,0,0,KS2_Performance,Performance,,,,,,,,subject,Reading,,,,,,,,,,,,,
England,24_KS2P_RWMEXP_WRIT_TOT_ENG,RwmExpected_Writing_Tot_Cohort_Eng_Previous_Num,"Reading, writing and maths expected standard",RwmExpected,Total,Tot,EES,0,0,KS2_Performance,Performance,,,,,,,,subject,Writing,,,,,,,,,,,,,
England,24_KS2P_RWMEXP_MATH_TOT_ENG,RwmExpected_Maths_Tot_Cohort_Eng_Previous_Num,"Reading, writing and maths expected standard",RwmExpected,Total,Tot,EES,0,0,KS2_Performance,Performance,,,,,,,,subject,Maths,,,,,,,,,,,,,
England,24_KS2P_RWMEXP_BOY_ENG,RwmExpected_Boy_Cohort_Eng_Previous_Num,"Reading, writing and maths expected standard",RwmExpected,Boys,Boy,EES,0,0,KS2_Performance,Performance,,,,,,,,,,,,,,,,,,,,,,
England,24_KS2P_RWMEXP_READ_BOY_ENG,RwmExpected_Reading_Boy_Cohort_Eng_Previous_Num,"Reading, writing and maths expected standard",RwmExpected,Boys,Boy,EES,0,0,KS2_Performance,Performance,,,,,,,,subject,Reading,,,,,,,,,,,,,
England,24_KS2P_RWMEXP_WRIT_BOY_ENG,RwmExpected_Writing_Boy_Cohort_Eng_Previous_Num,"Reading, writing and maths expected standard",RwmExpected,Boys,Boy,EES,0,0,KS2_Performance,Performance,,,,,,,,subject,Writing,,,,,,,,,,,,,
England,24_KS2P_RWMEXP_MATH_BOY_ENG,RwmExpected_Maths_Boy_Cohort_Eng_Previous_Num,"Reading, writing and maths expected standard",RwmExpected,Boys,Boy,EES,0,0,KS2_Performance,Performance,,,,,,,,subject,Maths,,,,,,,,,,,,,
England,24_KS2P_RWMEXP_GRL_ENG,RwmExpected_Grl_Cohort_Eng_Previous_Num,"Reading, writing and maths expected standard",RwmExpected,Girls,Grl,EES,0,0,KS2_Performance,Performance,,,,,,,,,,,,,,,,,,,,,,
England,24_KS2P_RWMEXP_READ_GRL_ENG,RwmExpected_Reading_Grl_Cohort_Eng_Previous_Num,"Reading, writing and maths expected standard",RwmExpected,Girls,Grl,EES,0,0,KS2_Performance,Performance,,,,,,,,subject,Reading,,,,,,,,,,,,,
England,24_KS2P_RWMEXP_WRIT_GRL_ENG,RwmExpected_Writing_Grl_Cohort_Eng_Previous_Num,"Reading, writing and maths expected standard",RwmExpected,Girls,Grl,EES,0,0,KS2_Performance,Performance,,,,,,,,subject,Writing,,,,,,,,,,,,,
England,24_KS2P_RWMEXP_MATH_GRL_ENG,RwmExpected_Maths_Grl_Cohort_Eng_Previous_Num,"Reading, writing and maths expected standard",RwmExpected,Girls,Grl,EES,0,0,KS2_Performance,Performance,,,,,,,,subject,Maths,,,,,,,,,,,,,
England,24_KS2P_RWMEXP_DIS_ENG,RwmExpected_Dis_Cohort_Eng_Previous_Num,"Reading, writing and maths expected standard",RwmExpected,Disadvantaged,Dis,EES,0,0,KS2_Performance,Performance,,,,,,,,,,,,,,,,,,,,,,
England,24_KS2P_RWMEXP_READ_DIS_ENG,RwmExpected_Reading_Dis_Cohort_Eng_Previous_Num,"Reading, writing and maths expected standard",RwmExpected,Disadvantaged,Dis,EES,0,0,KS2_Performance,Performance,,,,,,,,subject,Reading,,,,,,,,,,,,,
England,24_KS2P_RWMEXP_WRIT_DIS_ENG,RwmExpected_Writing_Dis_Cohort_Eng_Previous_Num,"Reading, writing and maths expected standard",RwmExpected,Disadvantaged,Dis,EES,0,0,KS2_Performance,Performance,,,,,,,,subject,Writing,,,,,,,,,,,,,
England,24_KS2P_RWMEXP_MATH_DIS_ENG,RwmExpected_Maths_Dis_Cohort_Eng_Previous_Num,"Reading, writing and maths expected standard",RwmExpected,Disadvantaged,Dis,EES,0,0,KS2_Performance,Performance,,,,,,,,subject,Maths,,,,,,,,,,,,,
England,24_KS2P_RWMEXP_NDI_ENG,RwmExpected_NDi_Cohort_Eng_Previous_Num,"Reading, writing and maths expected standard",RwmExpected,Not disadvantaged,NDi,EES,0,0,KS2_Performance,Performance,,,,,,,,,,,,,,,,,,,,,,
England,24_KS2P_RWMEXP_READ_NDI_ENG,RwmExpected_Reading_NDi_Cohort_Eng_Previous_Num,"Reading, writing and maths expected standard",RwmExpected,Not disadvantaged,NDi,EES,0,0,KS2_Performance,Performance,,,,,,,,subject,Reading,,,,,,,,,,,,,
England,24_KS2P_RWMEXP_WRIT_NDI_ENG,RwmExpected_Writing_NDi_Cohort_Eng_Previous_Num,"Reading, writing and maths expected standard",RwmExpected,Not disadvantaged,NDi,EES,0,0,KS2_Performance,Performance,,,,,,,,subject,Writing,,,,,,,,,,,,,
England,24_KS2P_RWMEXP_MATH_NDI_ENG,RwmExpected_Maths_NDi_Cohort_Eng_Previous_Num,"Reading, writing and maths expected standard",RwmExpected,Not disadvantaged,NDi,EES,0,0,KS2_Performance,Performance,,,,,,,,subject,Maths,,,,,,,,,,,,,
England,24_KS2P_RWMEXP_SENEHC_ENG,RwmExpected_SENEHC_Cohort_Eng_Previous_Num,"Reading, writing and maths expected standard",RwmExpected,SEN EHC,SENEHC,EES,0,0,KS2_Performance,Performance,,,,,,,,,,,,,,,,,,,,,,
England,24_KS2P_RWMEXP_READ_SENEHC_ENG,RwmExpected_Reading_SENEHC_Cohort_Eng_Previous_Num,"Reading, writing and maths expected standard",RwmExpected,SEN EHC,SENEHC,EES,0,0,KS2_Performance,Performance,,,,,,,,subject,Reading,,,,,,,,,,,,,
England,24_KS2P_RWMEXP_WRIT_SENEHC_ENG,RwmExpected_Writing_SENEHC_Cohort_Eng_Previous_Num,"Reading, writing and maths expected standard",RwmExpected,SEN EHC,SENEHC,EES,0,0,KS2_Performance,Performance,,,,,,,,subject,Writing,,,,,,,,,,,,,
England,24_KS2P_RWMEXP_MATH_SENEHC_ENG,RwmExpected_Maths_SENEHC_Cohort_Eng_Previous_Num,"Reading, writing and maths expected standard",RwmExpected,SEN EHC,SENEHC,EES,0,0,KS2_Performance,Performance,,,,,,,,subject,Maths,,,,,,,,,,,,,
England,24_KS2P_RWMEXP_SENSUP_ENG,RwmExpected_SENSup_Cohort_Eng_Previous_Num,"Reading, writing and maths expected standard",RwmExpected,SEN support,SENSup,EES,0,0,KS2_Performance,Performance,,,,,,,,,,,,,,,,,,,,,,
England,24_KS2P_RWMEXP_READ_SENSUP_ENG,RwmExpected_Reading_SENSup_Cohort_Eng_Previous_Num,"Reading, writing and maths expected standard",RwmExpected,SEN support,SENSup,EES,0,0,KS2_Performance,Performance,,,,,,,,subject,Reading,,,,,,,,,,,,,
England,24_KS2P_RWMEXP_WRIT_SENSUP_ENG,RwmExpected_Writing_SENSup_Cohort_Eng_Previous_Num,"Reading, writing and maths expected standard",RwmExpected,SEN support,SENSup,EES,0,0,KS2_Performance,Performance,,,,,,,,subject,Writing,,,,,,,,,,,,,
England,24_KS2P_RWMEXP_MATH_SENSUP_ENG,RwmExpected_Maths_SENSup_Cohort_Eng_Previous_Num,"Reading, writing and maths expected standard",RwmExpected,SEN support,SENSup,EES,0,0,KS2_Performance,Performance,,,,,,,,subject,Maths,,,,,,,,,,,,,
England,24_KS2P_RWMEXP_NOSEN_ENG,RwmExpected_NoSEN_Cohort_Eng_Previous_Num,"Reading, writing and maths expected standard",RwmExpected,No SEN,NoSEN,EES,0,0,KS2_Performance,Performance,,,,,,,,,,,,,,,,,,,,,,
England,24_KS2P_RWMEXP_READ_NOSEN_ENG,RwmExpected_Reading_NoSEN_Cohort_Eng_Previous_Num,"Reading, writing and maths expected standard",RwmExpected,No SEN,NoSEN,EES,0,0,KS2_Performance,Performance,,,,,,,,subject,Reading,,,,,,,,,,,,,
England,24_KS2P_RWMEXP_WRIT_NOSEN_ENG,RwmExpected_Writing_NoSEN_Cohort_Eng_Previous_Num,"Reading, writing and maths expected standard",RwmExpected,No SEN,NoSEN,EES,0,0,KS2_Performance,Performance,,,,,,,,subject,Writing,,,,,,,,,,,,,
England,24_KS2P_RWMEXP_MATH_NOSEN_ENG,RwmExpected_Maths_NoSEN_Cohort_Eng_Previous_Num,"Reading, writing and maths expected standard",RwmExpected,No SEN,NoSEN,EES,0,0,KS2_Performance,Performance,,,,,,,,subject,Maths,,,,,,,,,,,,,
England,24_KS2P_RWMEXP_EFL_ENG,RwmExpected_EFL_Cohort_Eng_Previous_Num,"Reading, writing and maths expected standard",RwmExpected,English first language,EFL,EES,0,0,KS2_Performance,Performance,,,,,,,,,,,,,,,,,,,,,,
England,24_KS2P_RWMEXP_READ_EFL_ENG,RwmExpected_Reading_EFL_Cohort_Eng_Previous_Num,"Reading, writing and maths expected standard",RwmExpected,English first language,EFL,EES,0,0,KS2_Performance,Performance,,,,,,,,subject,Reading,,,,,,,,,,,,,
England,24_KS2P_RWMEXP_WRIT_EFL_ENG,RwmExpected_Writing_EFL_Cohort_Eng_Previous_Num,"Reading, writing and maths expected standard",RwmExpected,English first language,EFL,EES,0,0,KS2_Performance,Performance,,,,,,,,subject,Writing,,,,,,,,,,,,,
England,24_KS2P_RWMEXP_MATH_EFL_ENG,RwmExpected_Maths_EFL_Cohort_Eng_Previous_Num,"Reading, writing and maths expected standard",RwmExpected,English first language,EFL,EES,0,0,KS2_Performance,Performance,,,,,,,,subject,Maths,,,,,,,,,,,,,
England,24_KS2P_RWMEXP_EAL_ENG,RwmExpected_EAL_Cohort_Eng_Previous_Num,"Reading, writing and maths expected standard",RwmExpected,English as an additional language,EAL,EES,0,0,KS2_Performance,Performance,,,,,,,,,,,,,,,,,,,,,,
England,24_KS2P_RWMEXP_READ_EAL_ENG,RwmExpected_Reading_EAL_Cohort_Eng_Previous_Num,"Reading, writing and maths expected standard",RwmExpected,English as an additional language,EAL,EES,0,0,KS2_Performance,Performance,,,,,,,,subject,Reading,,,,,,,,,,,,,
England,24_KS2P_RWMEXP_WRIT_EAL_ENG,RwmExpected_Writing_EAL_Cohort_Eng_Previous_Num,"Reading, writing and maths expected standard",RwmExpected,English as an additional language,EAL,EES,0,0,KS2_Performance,Performance,,,,,,,,subject,Writing,,,,,,,,,,,,,
England,24_KS2P_RWMEXP_MATH_EAL_ENG,RwmExpected_Maths_EAL_Cohort_Eng_Previous_Num,"Reading, writing and maths expected standard",RwmExpected,English as an additional language,EAL,EES,0,0,KS2_Performance,Performance,,,,,,,,subject,Maths,,,,,,,,,,,,,
England,24_KS2P_RWMEXP_NMO_ENG,RwmExpected_NMo_Cohort_Eng_Previous_Num,"Reading, writing and maths expected standard",RwmExpected,Non-mobile,NMo,EES,0,0,KS2_Performance,Performance,,,,,,,,,,,,,,,,,,,,,,
England,24_KS2P_RWMEXP_READ_NMO_ENG,RwmExpected_Reading_NMo_Cohort_Eng_Previous_Num,"Reading, writing and maths expected standard",RwmExpected,Non-mobile,NMo,EES,0,0,KS2_Performance,Performance,,,,,,,,subject,Reading,,,,,,,,,,,,,
England,24_KS2P_RWMEXP_WRIT_NMO_ENG,RwmExpected_Writing_NMo_Cohort_Eng_Previous_Num,"Reading, writing and maths expected standard",RwmExpected,Non-mobile,NMo,EES,0,0,KS2_Performance,Performance,,,,,,,,subject,Writing,,,,,,,,,,,,,
England,24_KS2P_RWMEXP_MATH_NMO_ENG,RwmExpected_Maths_NMo_Cohort_Eng_Previous_Num,"Reading, writing and maths expected standard",RwmExpected,Non-mobile,NMo,EES,0,0,KS2_Performance,Performance,,,,,,,,subject,Maths,,,,,,,,,,,,,
England,24_KS2P_RWMEXP_MOB_ENG,RwmExpected_Mob_Cohort_Eng_Previous_Num,"Reading, writing and maths expected standard",RwmExpected,Mobile,Mob,EES,0,0,KS2_Performance,Performance,,,,,,,,,,,,,,,,,,,,,,
England,24_KS2P_RWMEXP_READ_MOB_ENG,RwmExpected_Reading_Mob_Cohort_Eng_Previous_Num,"Reading, writing and maths expected standard",RwmExpected,Mobile,Mob,EES,0,0,KS2_Performance,Performance,,,,,,,,subject,Reading,,,,,,,,,,,,,
England,24_KS2P_RWMEXP_WRIT_MOB_ENG,RwmExpected_Writing_Mob_Cohort_Eng_Previous_Num,"Reading, writing and maths expected standard",RwmExpected,Mobile,Mob,EES,0,0,KS2_Performance,Performance,,,,,,,,subject,Writing,,,,,,,,,,,,,
England,24_KS2P_RWMEXP_MATH_MOB_ENG,RwmExpected_Maths_Mob_Cohort_Eng_Previous_Num,"Reading, writing and maths expected standard",RwmExpected,Mobile,Mob,EES,0,0,KS2_Performance,Performance,,,,,,,,subject,Maths,,,,,,,,,,,,,
England,24_KS2P_RWMHIG_TOT_ENG,RwmHigher_Tot_Cohort_Eng_Previous_Num,"Reading, writing and maths higher standard",RwmHigher,Total,Tot,EES,0,0,KS2_Performance,Performance,,,,,,,,,,,,,,,,,,,,,,
England,24_KS2P_RWMHIG_READ_TOT_ENG,RwmHigher_Reading_Tot_Cohort_Eng_Previous_Num,"Reading, writing and maths higher standard",RwmHigher,Total,Tot,EES,0,0,KS2_Performance,Performance,,,,,,,,subject,Reading,,,,,,,,,,,,,
England,24_KS2P_RWMHIG_WRIT_TOT_ENG,RwmHigher_Writing_Tot_Cohort_Eng_Previous_Num,"Reading, writing and maths higher standard",RwmHigher,Total,Tot,EES,0,0,KS2_Performance,Performance,,,,,,,,subject,Writing,,,,,,,,,,,,,
England,24_KS2P_RWMHIG_MATH_TOT_ENG,RwmHigher_Maths_Tot_Cohort_Eng_Previous_Num,"Reading, writing and maths higher standard",RwmHigher,Total,Tot,EES,0,0,KS2_Performance,Performance,,,,,,,,subject,Maths,,,,,,,,,,,,,
England,24_KS2P_RWMHIG_BOY_ENG,RwmHigher_Boy_Cohort_Eng_Previous_Num,"Reading, writing and maths higher standard",RwmHigher,Boys,Boy,EES,0,0,KS2_Performance,Performance,,,,,,,,,,,,,,,,,,,,,,
England,24_KS2P_RWMHIG_READ_BOY_ENG,RwmHigher_Reading_Boy_Cohort_Eng_Previous_Num,"Reading, writing and maths higher standard",RwmHigher,Boys,Boy,EES,0,0,KS2_Performance,Performance,,,,,,,,subject,Reading,,,,,,,,,,,,,
England,24_KS2P_RWMHIG_WRIT_BOY_ENG,RwmHigher_Writing_Boy_Cohort_Eng_Previous_Num,"Reading, writing and maths higher standard",RwmHigher,Boys,Boy,EES,0,0,KS2_Performance,Performance,,,,,,,,subject,Writing,,,,,,,,,,,,,
England,24_KS2P_RWMHIG_MATH_BOY_ENG,RwmHigher_Maths_Boy_Cohort_Eng_Previous_Num,"Reading, writing and maths higher standard",RwmHigher,Boys,Boy,EES,0,0,KS2_Performance,Performance,,,,,,,,subject,Maths,,,,,,,,,,,,,
England,24_KS2P_RWMHIG_GRL_ENG,RwmHigher_Grl_Cohort_Eng_Previous_Num,"Reading, writing and maths higher standard",RwmHigher,Girls,Grl,EES,0,0,KS2_Performance,Performance,,,,,,,,,,,,,,,,,,,,,,
England,24_KS2P_RWMHIG_READ_GRL_ENG,RwmHigher_Reading_Grl_Cohort_Eng_Previous_Num,"Reading, writing and maths higher standard",RwmHigher,Girls,Grl,EES,0,0,KS2_Performance,Performance,,,,,,,,subject,Reading,,,,,,,,,,,,,
England,24_KS2P_RWMHIG_WRIT_GRL_ENG,RwmHigher_Writing_Grl_Cohort_Eng_Previous_Num,"Reading, writing and maths higher standard",RwmHigher,Girls,Grl,EES,0,0,KS2_Performance,Performance,,,,,,,,subject,Writing,,,,,,,,,,,,,
England,24_KS2P_RWMHIG_MATH_GRL_ENG,RwmHigher_Maths_Grl_Cohort_Eng_Previous_Num,"Reading, writing and maths higher standard",RwmHigher,Girls,Grl,EES,0,0,KS2_Performance,Performance,,,,,,,,subject,Maths,,,,,,,,,,,,,
England,24_KS2P_RWMHIG_DIS_ENG,RwmHigher_Dis_Cohort_Eng_Previous_Num,"Reading, writing and maths higher standard",RwmHigher,Disadvantaged,Dis,EES,0,0,KS2_Performance,Performance,,,,,,,,,,,,,,,,,,,,,,
England,24_KS2P_RWMHIG_READ_DIS_ENG,RwmHigher_Reading_Dis_Cohort_Eng_Previous_Num,"Reading, writing and maths higher standard",RwmHigher,Disadvantaged,Dis,EES,0,0,KS2_Performance,Performance,,,,,,,,subject,Reading,,,,,,,,,,,,,
England,24_KS2P_RWMHIG_WRIT_DIS_ENG,RwmHigher_Writing_Dis_Cohort_Eng_Previous_Num,"Reading, writing and maths higher standard",RwmHigher,Disadvantaged,Dis,EES,0,0,KS2_Performance,Performance,,,,,,,,subject,Writing,,,,,,,,,,,,,
England,24_KS2P_RWMHIG_MATH_DIS_ENG,RwmHigher_Maths_Dis_Cohort_Eng_Previous_Num,"Reading, writing and maths higher standard",RwmHigher,Disadvantaged,Dis,EES,0,0,KS2_Performance,Performance,,,,,,,,subject,Maths,,,,,,,,,,,,,
England,24_KS2P_RWMHIG_NDI_ENG,RwmHigher_NDi_Cohort_Eng_Previous_Num,"Reading, writing and maths higher standard",RwmHigher,Not disadvantaged,NDi,EES,0,0,KS2_Performance,Performance,,,,,,,,,,,,,,,,,,,,,,
England,24_KS2P_RWMHIG_READ_NDI_ENG,RwmHigher_Reading_NDi_Cohort_Eng_Previous_Num,"Reading, writing and maths higher standard",RwmHigher,Not disadvantaged,NDi,EES,0,0,KS2_Performance,Performance,,,,,,,,subject,Reading,,,,,,,,,,,,,
England,24_KS2P_RWMHIG_WRIT_NDI_ENG,RwmHigher_Writing_NDi_Cohort_Eng_Previous_Num,"Reading, writing and maths higher standard",RwmHigher,Not disadvantaged,NDi,EES,0,0,KS2_Performance,Performance,,,,,,,,subject,Writing,,,,,,,,,,,,,
England,24_KS2P_RWMHIG_MATH_NDI_ENG,RwmHigher_Maths_NDi_Cohort_Eng_Previous_Num,"Reading, writing and maths higher standard",RwmHigher,Not disadvantaged,NDi,EES,0,0,KS2_Performance,Performance,,,,,,,,subject,Maths,,,,,,,,,,,,,
England,24_KS2P_RWMHIG_SENEHC_ENG,RwmHigher_SENEHC_Cohort_Eng_Previous_Num,"Reading, writing and maths higher standard",RwmHigher,SEN EHC,SENEHC,EES,0,0,KS2_Performance,Performance,,,,,,,,,,,,,,,,,,,,,,
England,24_KS2P_RWMHIG_READ_SENEHC_ENG,RwmHigher_Reading_SENEHC_Cohort_Eng_Previous_Num,"Reading, writing and maths higher standard",RwmHigher,SEN EHC,SENEHC,EES,0,0,KS2_Performance,Performance,,,,,,,,subject,Reading,,,,,,,,,,,,,
England,24_KS2P_RWMHIG_WRIT_SENEHC_ENG,RwmHigher_Writing_SENEHC_Cohort_Eng_Previous_Num,"Reading, writing and maths higher standard",RwmHigher,SEN EHC,SENEHC,EES,0,0,KS2_Performance,Performance,,,,,,,,subject,Writing,,,,,,,,,,,,,
England,24_KS2P_RWMHIG_MATH_SENEHC_ENG,RwmHigher_Maths_SENEHC_Cohort_Eng_Previous_Num,"Reading, writing and maths higher standard",RwmHigher,SEN EHC,SENEHC,EES,0,0,KS2_Performance,Performance,,,,,,,,subject,Maths,,,,,,,,,,,,,
England,24_KS2P_RWMHIG_SENSUP_ENG,RwmHigher_SENSup_Cohort_Eng_Previous_Num,"Reading, writing and maths higher standard",RwmHigher,SEN support,SENSup,EES,0,0,KS2_Performance,Performance,,,,,,,,,,,,,,,,,,,,,,
England,24_KS2P_RWMHIG_READ_SENSUP_ENG,RwmHigher_Reading_SENSup_Cohort_Eng_Previous_Num,"Reading, writing and maths higher standard",RwmHigher,SEN support,SENSup,EES,0,0,KS2_Performance,Performance,,,,,,,,subject,Reading,,,,,,,,,,,,,
England,24_KS2P_RWMHIG_WRIT_SENSUP_ENG,RwmHigher_Writing_SENSup_Cohort_Eng_Previous_Num,"Reading, writing and maths higher standard",RwmHigher,SEN support,SENSup,EES,0,0,KS2_Performance,Performance,,,,,,,,subject,Writing,,,,,,,,,,,,,
England,24_KS2P_RWMHIG_MATH_SENSUP_ENG,RwmHigher_Maths_SENSup_Cohort_Eng_Previous_Num,"Reading, writing and maths higher standard",RwmHigher,SEN support,SENSup,EES,0,0,KS2_Performance,Performance,,,,,,,,subject,Maths,,,,,,,,,,,,,
England,24_KS2P_RWMHIG_NOSEN_ENG,RwmHigher_NoSEN_Cohort_Eng_Previous_Num,"Reading, writing and maths higher standard",RwmHigher,No SEN,NoSEN,EES,0,0,KS2_Performance,Performance,,,,,,,,,,,,,,,,,,,,,,
England,24_KS2P_RWMHIG_READ_NOSEN_ENG,RwmHigher_Reading_NoSEN_Cohort_Eng_Previous_Num,"Reading, writing and maths higher standard",RwmHigher,No SEN,NoSEN,EES,0,0,KS2_Performance,Performance,,,,,,,,subject,Reading,,,,,,,,,,,,,
England,24_KS2P_RWMHIG_WRIT_NOSEN_ENG,RwmHigher_Writing_NoSEN_Cohort_Eng_Previous_Num,"Reading, writing and maths higher standard",RwmHigher,No SEN,NoSEN,EES,0,0,KS2_Performance,Performance,,,,,,,,subject,Writing,,,,,,,,,,,,,
England,24_KS2P_RWMHIG_MATH_NOSEN_ENG,RwmHigher_Maths_NoSEN_Cohort_Eng_Previous_Num,"Reading, writing and maths higher standard",RwmHigher,No SEN,NoSEN,EES,0,0,KS2_Performance,Performance,,,,,,,,subject,Maths,,,,,,,,,,,,,
England,24_KS2P_RWMHIG_EFL_ENG,RwmHigher_EFL_Cohort_Eng_Previous_Num,"Reading, writing and maths higher standard",RwmHigher,English first language,EFL,EES,0,0,KS2_Performance,Performance,,,,,,,,,,,,,,,,,,,,,,
England,24_KS2P_RWMHIG_READ_EFL_ENG,RwmHigher_Reading_EFL_Cohort_Eng_Previous_Num,"Reading, writing and maths higher standard",RwmHigher,English first language,EFL,EES,0,0,KS2_Performance,Performance,,,,,,,,subject,Reading,,,,,,,,,,,,,
England,24_KS2P_RWMHIG_WRIT_EFL_ENG,RwmHigher_Writing_EFL_Cohort_Eng_Previous_Num,"Reading, writing and maths higher standard",RwmHigher,English first language,EFL,EES,0,0,KS2_Performance,Performance,,,,,,,,subject,Writing,,,,,,,,,,,,,
England,24_KS2P_RWMHIG_MATH_EFL_ENG,RwmHigher_Maths_EFL_Cohort_Eng_Previous_Num,"Reading, writing and maths higher standard",RwmHigher,English first language,EFL,EES,0,0,KS2_Performance,Performance,,,,,,,,subject,Maths,,,,,,,,,,,,,
England,24_KS2P_RWMHIG_EAL_ENG,RwmHigher_EAL_Cohort_Eng_Previous_Num,"Reading, writing and maths higher standard",RwmHigher,English as an additional language,EAL,EES,0,0,KS2_Performance,Performance,,,,,,,,,,,,,,,,,,,,,,
England,24_KS2P_RWMHIG_READ_EAL_ENG,RwmHigher_Reading_EAL_Cohort_Eng_Previous_Num,"Reading, writing and maths higher standard",RwmHigher,English as an additional language,EAL,EES,0,0,KS2_Performance,Performance,,,,,,,,subject,Reading,,,,,,,,,,,,,
England,24_KS2P_RWMHIG_WRIT_EAL_ENG,RwmHigher_Writing_EAL_Cohort_Eng_Previous_Num,"Reading, writing and maths higher standard",RwmHigher,English as an additional language,EAL,EES,0,0,KS2_Performance,Performance,,,,,,,,subject,Writing,,,,,,,,,,,,,
England,24_KS2P_RWMHIG_MATH_EAL_ENG,RwmHigher_Maths_EAL_Cohort_Eng_Previous_Num,"Reading, writing and maths higher standard",RwmHigher,English as an additional language,EAL,EES,0,0,KS2_Performance,Performance,,,,,,,,subject,Maths,,,,,,,,,,,,,
England,24_KS2P_RWMHIG_NMO_ENG,RwmHigher_NMo_Cohort_Eng_Previous_Num,"Reading, writing and maths higher standard",RwmHigher,Non-mobile,NMo,EES,0,0,KS2_Performance,Performance,,,,,,,,,,,,,,,,,,,,,,
England,24_KS2P_RWMHIG_READ_NMO_ENG,RwmHigher_Reading_NMo_Cohort_Eng_Previous_Num,"Reading, writing and maths higher standard",RwmHigher,Non-mobile,NMo,EES,0,0,KS2_Performance,Performance,,,,,,,,subject,Reading,,,,,,,,,,,,,
England,24_KS2P_RWMHIG_WRIT_NMO_ENG,RwmHigher_Writing_NMo_Cohort_Eng_Previous_Num,"Reading, writing and maths higher standard",RwmHigher,Non-mobile,NMo,EES,0,0,KS2_Performance,Performance,,,,,,,,subject,Writing,,,,,,,,,,,,,
England,24_KS2P_RWMHIG_MATH_NMO_ENG,RwmHigher_Maths_NMo_Cohort_Eng_Previous_Num,"Reading, writing and maths higher standard",RwmHigher,Non-mobile,NMo,EES,0,0,KS2_Performance,Performance,,,,,,,,subject,Maths,,,,,,,,,,,,,
England,24_KS2P_RWMHIG_MOB_ENG,RwmHigher_Mob_Cohort_Eng_Previous_Num,"Reading, writing and maths higher standard",RwmHigher,Mobile,Mob,EES,0,0,KS2_Performance,Performance,,,,,,,,,,,,,,,,,,,,,,
England,24_KS2P_RWMHIG_READ_MOB_ENG,RwmHigher_Reading_Mob_Cohort_Eng_Previous_Num,"Reading, writing and maths higher standard",RwmHigher,Mobile,Mob,EES,0,0,KS2_Performance,Performance,,,,,,,,subject,Reading,,,,,,,,,,,,,
England,24_KS2P_RWMHIG_WRIT_MOB_ENG,RwmHigher_Writing_Mob_Cohort_Eng_Previous_Num,"Reading, writing and maths higher standard",RwmHigher,Mobile,Mob,EES,0,0,KS2_Performance,Performance,,,,,,,,subject,Writing,,,,,,,,,,,,,
England,24_KS2P_RWMHIG_MATH_MOB_ENG,RwmHigher_Maths_Mob_Cohort_Eng_Previous_Num,"Reading, writing and maths higher standard",RwmHigher,Mobile,Mob,EES,0,0,KS2_Performance,Performance,,,,,,,,subject,Maths,,,,,,,,,,,,,
England,24_KS2P_READSCA_TOT_ENG,ReadingScaledScore_Tot_Cohort_Eng_Previous_Num,Reading scaled score,ReadingScaledScore,Total,Tot,EES,0,0,KS2_Performance,Performance,,,,,,,,,,,,,,,,,,,,,,
England,24_KS2P_READSCA_BOY_ENG,ReadingScaledScore_Boy_Cohort_Eng_Previous_Num,Reading scaled score,ReadingScaledScore,Boys,Boy,EES,0,0,KS2_Performance,Performance,,,,,,,,,,,,,,,,,,,,,,
England,24_KS2P_READSCA_GRL_ENG,ReadingScaledScore_Grl_Cohort_Eng_Previous_Num,Reading scaled score,ReadingScaledScore,Girls,Grl,EES,0,0,KS2_Performance,Performance,,,,,,,,,,,,,,,,,,,,,,
England,24_KS2P_READSCA_DIS_ENG,ReadingScaledScore_Dis_Cohort_Eng_Previous_Num,Reading scaled score,ReadingScaledScore,Disadvantaged,Dis,EES,0,0,KS2_Performance,Performance,,,,,,,,,,,,,,,,,,,,,,
England,24_KS2P_READSCA_NDI_ENG,ReadingScaledScore_NDi_Cohort_Eng_Previous_Num,Reading scaled score,ReadingScaledScore,Not disadvantaged,NDi,EES,0,0,KS2_Performance,Performance,,,,,,,,,,,,,,,,,,,,,,
England,24_KS2P_READSCA_SENEHC_ENG,ReadingScaledScore_SENEHC_Cohort_Eng_Previous_Num,Reading scaled score,ReadingScaledScore,SEN EHC,SENEHC,EES,0,0,KS2_Performance,Performance,,,,,,,,,,,,,,,,,,,,,,
England,24_KS2P_READSCA_SENSUP_ENG,ReadingScaledScore_SENSup_Cohort_Eng_Previous_Num,Reading scaled score,ReadingScaledScore,SEN support,SENSup,EES,0,0,KS2_Performance,Performance,,,,,,,,,,,,,,,,,,,,,,
England,24_KS2P_READSCA_NOSEN_ENG,ReadingScaledScore_NoSEN_Cohort_Eng_Previous_Num,Reading scaled score,ReadingScaledScore,No SEN,NoSEN,EES,0,0,KS2_Performance,Performance,,,,,,,,,,,,,,,,,,,,,,
England,24_KS2P_READSCA_EFL_ENG,ReadingScaledScore_EFL_Cohort_Eng_Previous_Num,Reading scaled score,ReadingScaledScore,English first language,EFL,EES,0,0,KS2_Performance,Performance,,,,,,,,,,,,,,,,,,,,,,
England,24_KS2P_READSCA_EAL_ENG,ReadingScaledScore_EAL_Cohort_Eng_Previous_Num,Reading scaled score,ReadingScaledScore,English as an additional language,EAL,EES,0,0,KS2_Performance,Performance,,,,,,,,,,,,,,,,,,,,,,
England,24_KS2P_READSCA_NMO_ENG,ReadingScaledScore_NMo_Cohort_Eng_Previous_Num,Reading scaled score,ReadingScaledScore,Non-mobile,NMo,EES,0,0,KS2_Performance,Performance,,,,,,,,,,,,,,,,,,,,,,
England,24_KS2P_READSCA_MOB_ENG,ReadingScaledScore_Mob_Cohort_Eng_Previous_Num,Reading scaled score,ReadingScaledScore,Mobile,Mob,EES,0,0,KS2_Performance,Performance,,,,,,,,,,,,,,,,,,,,,,
England,24_KS2P_MATHSCA_TOT_ENG,MathsScaledScore_Tot_Cohort_Eng_Previous_Num,Maths scaled score,MathsScaledScore,Total,Tot,EES,0,0,KS2_Performance,Performance,,,,,,,,,,,,,,,,,,,,,,
England,24_KS2P_MATHSCA_BOY_ENG,MathsScaledScore_Boy_Cohort_Eng_Previous_Num,Maths scaled score,MathsScaledScore,Boys,Boy,EES,0,0,KS2_Performance,Performance,,,,,,,,,,,,,,,,,,,,,,
England,24_KS2P_MATHSCA_GRL_ENG,MathsScaledScore_Grl_Cohort_Eng_Previous_Num,Maths scaled score,MathsScaledScore,Girls,Grl,EES,0,0,KS2_Performance,Performance,,,,,,,,,,,,,,,,,,,,,,
England,24_KS2P_MATHSCA_DIS_ENG,MathsScaledScore_Dis_Cohort_Eng_Previous_Num,Maths scaled score,MathsScaledScore,Disadvantaged,Dis,EES,0,0,KS2_Performance,Performance,,,,,,,,,,,,,,,,,,,,,,
England,24_KS2P_MATHSCA_NDI_ENG,MathsScaledScore_NDi_Cohort_Eng_Previous_Num,Maths scaled score,MathsScaledScore,Not disadvantaged,NDi,EES,0,0,KS2_Performance,Performance,,,,,,,,,,,,,,,,,,,,,,
England,24_KS2P_MATHSCA_SENEHC_ENG,MathsScaledScore_SENEHC_Cohort_Eng_Previous_Num,Maths scaled score,MathsScaledScore,SEN EHC,SENEHC,EES,0,0,KS2_Performance,Performance,,,,,,,,,,,,,,,,,,,,,,
England,24_KS2P_MATHSCA_SENSUP_ENG,MathsScaledScore_SENSup_Cohort_Eng_Previous_Num,Maths scaled score,MathsScaledScore,SEN support,SENSup,EES,0,0,KS2_Performance,Performance,,,,,,,,,,,,,,,,,,,,,,
England,24_KS2P_MATHSCA_NOSEN_ENG,MathsScaledScore_NoSEN_Cohort_Eng_Previous_Num,Maths scaled score,MathsScaledScore,No SEN,NoSEN,EES,0,0,KS2_Performance,Performance,,,,,,,,,,,,,,,,,,,,,,
England,24_KS2P_MATHSCA_EFL_ENG,MathsScaledScore_EFL_Cohort_Eng_Previous_Num,Maths scaled score,MathsScaledScore,English first language,EFL,EES,0,0,KS2_Performance,Performance,,,,,,,,,,,,,,,,,,,,,,
England,24_KS2P_MATHSCA_EAL_ENG,MathsScaledScore_EAL_Cohort_Eng_Previous_Num,Maths scaled score,MathsScaledScore,English as an additional language,EAL,EES,0,0,KS2_Performance,Performance,,,,,,,,,,,,,,,,,,,,,,
England,24_KS2P_MATHSCA_NMO_ENG,MathsScaledScore_NMo_Cohort_Eng_Previous_Num,Maths scaled score,MathsScaledScore,Non-mobile,NMo,EES,0,0,KS2_Performance,Performance,,,,,,,,,,,,,,,,,,,,,,
England,24_KS2P_MATHSCA_MOB_ENG,MathsScaledScore_Mob_Cohort_Eng_Previous_Num,Maths scaled score,MathsScaledScore,Mobile,Mob,EES,0,0,KS2_Performance,Performance,,,,,,,,,,,,,,,,,,,,,,
England,24_KS2P_GPSEXP_TOT_ENG,GpsExpected_Tot_Cohort_Eng_Previous_Num,"Grammar, punctuation and spelling expected standard",GpsExpected,Total,Tot,EES,0,0,KS2_Performance,Performance,,,,,,,,,,,,,,,,,,,,,,
England,24_KS2P_GPSEXP_BOY_ENG,GpsExpected_Boy_Cohort_Eng_Previous_Num,"Grammar, punctuation and spelling expected standard",GpsExpected,Boys,Boy,EES,0,0,KS2_Performance,Performance,,,,,,,,,,,,,,,,,,,,,,
England,24_KS2P_GPSEXP_GRL_ENG,GpsExpected_Grl_Cohort_Eng_Previous_Num,"Grammar, punctuation and spelling expected standard",GpsExpected,Girls,Grl,EES,0,0,KS2_Performance,Performance,,,,,,,,,,,,,,,,,,,,,,
England,24_KS2P_GPSEXP_DIS_ENG,GpsExpected_Dis_Cohort_Eng_Previous_Num,"Grammar, punctuation and spelling expected standard",GpsExpected,Disadvantaged,Dis,EES,0,0,KS2_Performance,Performance,,,,,,,,,,,,,,,,,,,,,,
England,24_KS2P_GPSEXP_NDI_ENG,GpsExpected_NDi_Cohort_Eng_Previous_Num,"Grammar, punctuation and spelling expected standard",GpsExpected,Not disadvantaged,NDi,EES,0,0,KS2_Performance,Performance,,,,,,,,,,,,,,,,,,,,,,
England,24_KS2P_GPSEXP_SENEHC_ENG,GpsExpected_SENEHC_Cohort_Eng_Previous_Num,"Grammar, punctuation and spelling expected standard",GpsExpected,SEN EHC,SENEHC,EES,0,0,KS2_Performance,Performance,,,,,,,,,,,,,,,,,,,,,,
England,24_KS2P_GPSEXP_SENSUP_ENG,GpsExpected_SENSup_Cohort_Eng_Previous_Num,"Grammar, punctuation and spelling expected standard",GpsExpected,SEN support,SENSup,EES,0,0,KS2_Performance,Performance,,,,,,,,,,,,,,,,,,,,,,
England,24_KS2P_GPSEXP_NOSEN_ENG,GpsExpected_NoSEN_Cohort_Eng_Previous_Num,"Grammar, punctuation and spelling expected standard",GpsExpected,No SEN,NoSEN,EES,0,0,KS2_Performance,Performance,,,,,,,,,,,,,,,,,,,,,,
England,24_KS2P_GPSEXP_EFL_ENG,GpsExpected_EFL_Cohort_Eng_Previous_Num,"Grammar, punctuation and spelling expected standard",GpsExpected,English first language,EFL,EES,0,0,KS2_Performance,Performance,,,,,,,,,,,,,,,,,,,,,,
England,24_KS2P_GPSEXP_EAL_ENG,GpsExpected_EAL_Cohort_Eng_Previous_Num,"Grammar, punctuation and spelling expected standard",GpsExpected,English as an additional language,EAL,EES,0,0,KS2_Performance,Performance,,,,,,,,,,,,,,,,,,,,,,
England,24_KS2P_GPSEXP_NMO_ENG,GpsExpected_NMo_Cohort_Eng_Previous_Num,"Grammar, punctuation and spelling expected standard",GpsExpected,Non-mobile,NMo,EES,0,0,KS2_Performance,Performance,,,,,,,,,,,,,,,,,,,,,,
England,24_KS2P_GPSEXP_MOB_ENG,GpsExpected_Mob_Cohort_Eng_Previous_Num,"Grammar, punctuation and spelling expected standard",GpsExpected,Mobile,Mob,EES,0,0,KS2_Performance,Performance,,,,,,,,,,,,,,,,,,,,,,
England,24_KS2P_GPSHIG_TOT_ENG,GpsHigher_Tot_Cohort_Eng_Previous_Num,"Grammar, punctuation and spelling higher standard",GpsHigher,Total,Tot,EES,0,0,KS2_Performance,Performance,,,,,,,,,,,,,,,,,,,,,,
England,24_KS2P_GPSHIG_BOY_ENG,GpsHigher_Boy_Cohort_Eng_Previous_Num,"Grammar, punctuation and spelling higher standard",GpsHigher,Boys,Boy,EES,0,0,KS2_Performance,Performance,,,,,,,,,,,,,,,,,,,,,,
England,24_KS2P_GPSHIG_GRL_ENG,GpsHigher_Grl_Cohort_Eng_Previous_Num,"Grammar, punctuation and spelling higher standard",GpsHigher,Girls,Grl,EES,0,0,KS2_Performance,Performance,,,,,,,,,,,,,,,,,,,,,,
England,24_KS2P_GPSHIG_DIS_ENG,GpsHigher_Dis_Cohort_Eng_Previous_Num,"Grammar, punctuation and spelling higher standard",GpsHigher,Disadvantaged,Dis,EES,0,0,KS2_Performance,Performance,,,,,,,,,,,,,,,,,,,,,,
England,24_KS2P_GPSHIG_NDI_ENG,GpsHigher_NDi_Cohort_Eng_Previous_Num,"Grammar, punctuation and spelling higher standard",GpsHigher,Not disadvantaged,NDi,EES,0,0,KS2_Performance,Performance,,,,,,,,,,,,,,,,,,,,,,
England,24_KS2P_GPSHIG_SENEHC_ENG,GpsHigher_SENEHC_Cohort_Eng_Previous_Num,"Grammar, punctuation and spelling higher standard",GpsHigher,SEN EHC,SENEHC,EES,0,0,KS2_Performance,Performance,,,,,,,,,,,,,,,,,,,,,,
England,24_KS2P_GPSHIG_SENSUP_ENG,GpsHigher_SENSup_Cohort_Eng_Previous_Num,"Grammar, punctuation and spelling higher standard",GpsHigher,SEN support,SENSup,EES,0,0,KS2_Performance,Performance,,,,,,,,,,,,,,,,,,,,,,
England,24_KS2P_GPSHIG_NOSEN_ENG,GpsHigher_NoSEN_Cohort_Eng_Previous_Num,"Grammar, punctuation and spelling higher standard",GpsHigher,No SEN,NoSEN,EES,0,0,KS2_Performance,Performance,,,,,,,,,,,,,,,,,,,,,,
England,24_KS2P_GPSHIG_EFL_ENG,GpsHigher_EFL_Cohort_Eng_Previous_Num,"Grammar, punctuation and spelling higher standard",GpsHigher,English first language,EFL,EES,0,0,KS2_Performance,Performance,,,,,,,,,,,,,,,,,,,,,,
England,24_KS2P_GPSHIG_EAL_ENG,GpsHigher_EAL_Cohort_Eng_Previous_Num,"Grammar, punctuation and spelling higher standard",GpsHigher,English as an additional language,EAL,EES,0,0,KS2_Performance,Performance,,,,,,,,,,,,,,,,,,,,,,
England,24_KS2P_GPSHIG_NMO_ENG,GpsHigher_NMo_Cohort_Eng_Previous_Num,"Grammar, punctuation and spelling higher standard",GpsHigher,Non-mobile,NMo,EES,0,0,KS2_Performance,Performance,,,,,,,,,,,,,,,,,,,,,,
England,24_KS2P_GPSHIG_MOB_ENG,GpsHigher_Mob_Cohort_Eng_Previous_Num,"Grammar, punctuation and spelling higher standard",GpsHigher,Mobile,Mob,EES,0,0,KS2_Performance,Performance,,,,,,,,,,,,,,,,,,,,,,
England,23_KS2P_RWMEXP_TOT_ENG,RwmExpected_Tot_Cohort_Eng_Previous2_Num,"Reading, writing and maths expected standard",RwmExpected,Total,Tot,EES,0,0,KS2_Performance,Performance,,,,,,,,,,,,,,,,,,,,,,
England,23_KS2P_RWMEXP_READ_TOT_ENG,RwmExpected_Reading_Tot_Cohort_Eng_Previous2_Num,"Reading, writing and maths expected standard",RwmExpected,Total,Tot,EES,0,0,KS2_Performance,Performance,,,,,,,,subject,Reading,,,,,,,,,,,,,
England,23_KS2P_RWMEXP_WRIT_TOT_ENG,RwmExpected_Writing_Tot_Cohort_Eng_Previous2_Num,"Reading, writing and maths expected standard",RwmExpected,Total,Tot,EES,0,0,KS2_Performance,Performance,,,,,,,,subject,Writing,,,,,,,,,,,,,
England,23_KS2P_RWMEXP_MATH_TOT_ENG,RwmExpected_Maths_Tot_Cohort_Eng_Previous2_Num,"Reading, writing and maths expected standard",RwmExpected,Total,Tot,EES,0,0,KS2_Performance,Performance,,,,,,,,subject,Maths,,,,,,,,,,,,,
England,23_KS2P_RWMEXP_BOY_ENG,RwmExpected_Boy_Cohort_Eng_Previous2_Num,"Reading, writing and maths expected standard",RwmExpected,Boys,Boy,EES,0,0,KS2_Performance,Performance,,,,,,,,,,,,,,,,,,,,,,
England,23_KS2P_RWMEXP_READ_BOY_ENG,RwmExpected_Reading_Boy_Cohort_Eng_Previous2_Num,"Reading, writing and maths expected standard",RwmExpected,Boys,Boy,EES,0,0,KS2_Performance,Performance,,,,,,,,subject,Reading,,,,,,,,,,,,,
England,23_KS2P_RWMEXP_WRIT_BOY_ENG,RwmExpected_Writing_Boy_Cohort_Eng_Previous2_Num,"Reading, writing and maths expected standard",RwmExpected,Boys,Boy,EES,0,0,KS2_Performance,Performance,,,,,,,,subject,Writing,,,,,,,,,,,,,
England,23_KS2P_RWMEXP_MATH_BOY_ENG,RwmExpected_Maths_Boy_Cohort_Eng_Previous2_Num,"Reading, writing and maths expected standard",RwmExpected,Boys,Boy,EES,0,0,KS2_Performance,Performance,,,,,,,,subject,Maths,,,,,,,,,,,,,
England,23_KS2P_RWMEXP_GRL_ENG,RwmExpected_Grl_Cohort_Eng_Previous2_Num,"Reading, writing and maths expected standard",RwmExpected,Girls,Grl,EES,0,0,KS2_Performance,Performance,,,,,,,,,,,,,,,,,,,,,,
England,23_KS2P_RWMEXP_READ_GRL_ENG,RwmExpected_Reading_Grl_Cohort_Eng_Previous2_Num,"Reading, writing and maths expected standard",RwmExpected,Girls,Grl,EES,0,0,KS2_Performance,Performance,,,,,,,,subject,Reading,,,,,,,,,,,,,
England,23_KS2P_RWMEXP_WRIT_GRL_ENG,RwmExpected_Writing_Grl_Cohort_Eng_Previous2_Num,"Reading, writing and maths expected standard",RwmExpected,Girls,Grl,EES,0,0,KS2_Performance,Performance,,,,,,,,subject,Writing,,,,,,,,,,,,,
England,23_KS2P_RWMEXP_MATH_GRL_ENG,RwmExpected_Maths_Grl_Cohort_Eng_Previous2_Num,"Reading, writing and maths expected standard",RwmExpected,Girls,Grl,EES,0,0,KS2_Performance,Performance,,,,,,,,subject,Maths,,,,,,,,,,,,,
England,23_KS2P_RWMEXP_DIS_ENG,RwmExpected_Dis_Cohort_Eng_Previous2_Num,"Reading, writing and maths expected standard",RwmExpected,Disadvantaged,Dis,EES,0,0,KS2_Performance,Performance,,,,,,,,,,,,,,,,,,,,,,
England,23_KS2P_RWMEXP_READ_DIS_ENG,RwmExpected_Reading_Dis_Cohort_Eng_Previous2_Num,"Reading, writing and maths expected standard",RwmExpected,Disadvantaged,Dis,EES,0,0,KS2_Performance,Performance,,,,,,,,subject,Reading,,,,,,,,,,,,,
England,23_KS2P_RWMEXP_WRIT_DIS_ENG,RwmExpected_Writing_Dis_Cohort_Eng_Previous2_Num,"Reading, writing and maths expected standard",RwmExpected,Disadvantaged,Dis,EES,0,0,KS2_Performance,Performance,,,,,,,,subject,Writing,,,,,,,,,,,,,
England,23_KS2P_RWMEXP_MATH_DIS_ENG,RwmExpected_Maths_Dis_Cohort_Eng_Previous2_Num,"Reading, writing and maths expected standard",RwmExpected,Disadvantaged,Dis,EES,0,0,KS2_Performance,Performance,,,,,,,,subject,Maths,,,,,,,,,,,,,
England,23_KS2P_RWMEXP_NDI_ENG,RwmExpected_NDi_Cohort_Eng_Previous2_Num,"Reading, writing and maths expected standard",RwmExpected,Not disadvantaged,NDi,EES,0,0,KS2_Performance,Performance,,,,,,,,,,,,,,,,,,,,,,
England,23_KS2P_RWMEXP_READ_NDI_ENG,RwmExpected_Reading_NDi_Cohort_Eng_Previous2_Num,"Reading, writing and maths expected standard",RwmExpected,Not disadvantaged,NDi,EES,0,0,KS2_Performance,Performance,,,,,,,,subject,Reading,,,,,,,,,,,,,
England,23_KS2P_RWMEXP_WRIT_NDI_ENG,RwmExpected_Writing_NDi_Cohort_Eng_Previous2_Num,"Reading, writing and maths expected standard",RwmExpected,Not disadvantaged,NDi,EES,0,0,KS2_Performance,Performance,,,,,,,,subject,Writing,,,,,,,,,,,,,
England,23_KS2P_RWMEXP_MATH_NDI_ENG,RwmExpected_Maths_NDi_Cohort_Eng_Previous2_Num,"Reading, writing and maths expected standard",RwmExpected,Not disadvantaged,NDi,EES,0,0,KS2_Performance,Performance,,,,,,,,subject,Maths,,,,,,,,,,,,,
England,23_KS2P_RWMEXP_SENEHC_ENG,RwmExpected_SENEHC_Cohort_Eng_Previous2_Num,"Reading, writing and maths expected standard",RwmExpected,SEN EHC,SENEHC,EES,0,0,KS2_Performance,Performance,,,,,,,,,,,,,,,,,,,,,,
England,23_KS2P_RWMEXP_READ_SENEHC_ENG,RwmExpected_Reading_SENEHC_Cohort_Eng_Previous2_Num,"Reading, writing and maths expected standard",RwmExpected,SEN EHC,SENEHC,EES,0,0,KS2_Performance,Performance,,,,,,,,subject,Reading,,,,,,,,,,,,,
England,23_KS2P_RWMEXP_WRIT_SENEHC_ENG,RwmExpected_Writing_SENEHC_Cohort_Eng_Previous2_Num,"Reading, writing and maths expected standard",RwmExpected,SEN EHC,SENEHC,EES,0,0,KS2_Performance,Performance,,,,,,,,subject,Writing,,,,,,,,,,,,,
England,23_KS2P_RWMEXP_MATH_SENEHC_ENG,RwmExpected_Maths_SENEHC_Cohort_Eng_Previous2_Num,"Reading, writing and maths expected standard",RwmExpected,SEN EHC,SENEHC,EES,0,0,KS2_Performance,Performance,,,,,,,,subject,Maths,,,,,,,,,,,,,
England,23_KS2P_RWMEXP_SENSUP_ENG,RwmExpected_SENSup_Cohort_Eng_Previous2_Num,"Reading, writing and maths expected standard",RwmExpected,SEN support,SENSup,EES,0,0,KS2_Performance,Performance,,,,,,,,,,,,,,,,,,,,,,
England,23_KS2P_RWMEXP_READ_SENSUP_ENG,RwmExpected_Reading_SENSup_Cohort_Eng_Previous2_Num,"Reading, writing and maths expected standard",RwmExpected,SEN support,SENSup,EES,0,0,KS2_Performance,Performance,,,,,,,,subject,Reading,,,,,,,,,,,,,
England,23_KS2P_RWMEXP_WRIT_SENSUP_ENG,RwmExpected_Writing_SENSup_Cohort_Eng_Previous2_Num,"Reading, writing and maths expected standard",RwmExpected,SEN support,SENSup,EES,0,0,KS2_Performance,Performance,,,,,,,,subject,Writing,,,,,,,,,,,,,
England,23_KS2P_RWMEXP_MATH_SENSUP_ENG,RwmExpected_Maths_SENSup_Cohort_Eng_Previous2_Num,"Reading, writing and maths expected standard",RwmExpected,SEN support,SENSup,EES,0,0,KS2_Performance,Performance,,,,,,,,subject,Maths,,,,,,,,,,,,,
England,23_KS2P_RWMEXP_NOSEN_ENG,RwmExpected_NoSEN_Cohort_Eng_Previous2_Num,"Reading, writing and maths expected standard",RwmExpected,No SEN,NoSEN,EES,0,0,KS2_Performance,Performance,,,,,,,,,,,,,,,,,,,,,,
England,23_KS2P_RWMEXP_READ_NOSEN_ENG,RwmExpected_Reading_NoSEN_Cohort_Eng_Previous2_Num,"Reading, writing and maths expected standard",RwmExpected,No SEN,NoSEN,EES,0,0,KS2_Performance,Performance,,,,,,,,subject,Reading,,,,,,,,,,,,,
England,23_KS2P_RWMEXP_WRIT_NOSEN_ENG,RwmExpected_Writing_NoSEN_Cohort_Eng_Previous2_Num,"Reading, writing and maths expected standard",RwmExpected,No SEN,NoSEN,EES,0,0,KS2_Performance,Performance,,,,,,,,subject,Writing,,,,,,,,,,,,,
England,23_KS2P_RWMEXP_MATH_NOSEN_ENG,RwmExpected_Maths_NoSEN_Cohort_Eng_Previous2_Num,"Reading, writing and maths expected standard",RwmExpected,No SEN,NoSEN,EES,0,0,KS2_Performance,Performance,,,,,,,,subject,Maths,,,,,,,,,,,,,
England,23_KS2P_RWMEXP_EFL_ENG,RwmExpected_EFL_Cohort_Eng_Previous2_Num,"Reading, writing and maths expected standard",RwmExpected,English first language,EFL,EES,0,0,KS2_Performance,Performance,,,,,,,,,,,,,,,,,,,,,,
England,23_KS2P_RWMEXP_READ_EFL_ENG,RwmExpected_Reading_EFL_Cohort_Eng_Previous2_Num,"Reading, writing and maths expected standard",RwmExpected,English first language,EFL,EES,0,0,KS2_Performance,Performance,,,,,,,,subject,Reading,,,,,,,,,,,,,
England,23_KS2P_RWMEXP_WRIT_EFL_ENG,RwmExpected_Writing_EFL_Cohort_Eng_Previous2_Num,"Reading, writing and maths expected standard",RwmExpected,English first language,EFL,EES,0,0,KS2_Performance,Performance,,,,,,,,subject,Writing,,,,,,,,,,,,,
England,23_KS2P_RWMEXP_MATH_EFL_ENG,RwmExpected_Maths_EFL_Cohort_Eng_Previous2_Num,"Reading, writing and maths expected standard",RwmExpected,English first language,EFL,EES,0,0,KS2_Performance,Performance,,,,,,,,subject,Maths,,,,,,,,,,,,,
England,23_KS2P_RWMEXP_EAL_ENG,RwmExpected_EAL_Cohort_Eng_Previous2_Num,"Reading, writing and maths expected standard",RwmExpected,English as an additional language,EAL,EES,0,0,KS2_Performance,Performance,,,,,,,,,,,,,,,,,,,,,,
England,23_KS2P_RWMEXP_READ_EAL_ENG,RwmExpected_Reading_EAL_Cohort_Eng_Previous2_Num,"Reading, writing and maths expected standard",RwmExpected,English as an additional language,EAL,EES,0,0,KS2_Performance,Performance,,,,,,,,subject,Reading,,,,,,,,,,,,,
England,23_KS2P_RWMEXP_WRIT_EAL_ENG,RwmExpected_Writing_EAL_Cohort_Eng_Previous2_Num,"Reading, writing and maths expected standard",RwmExpected,English as an additional language,EAL,EES,0,0,KS2_Performance,Performance,,,,,,,,subject,Writing,,,,,,,,,,,,,
England,23_KS2P_RWMEXP_MATH_EAL_ENG,RwmExpected_Maths_EAL_Cohort_Eng_Previous2_Num,"Reading, writing and maths expected standard",RwmExpected,English as an additional language,EAL,EES,0,0,KS2_Performance,Performance,,,,,,,,subject,Maths,,,,,,,,,,,,,
England,23_KS2P_RWMEXP_NMO_ENG,RwmExpected_NMo_Cohort_Eng_Previous2_Num,"Reading, writing and maths expected standard",RwmExpected,Non-mobile,NMo,EES,0,0,KS2_Performance,Performance,,,,,,,,,,,,,,,,,,,,,,
England,23_KS2P_RWMEXP_READ_NMO_ENG,RwmExpected_Reading_NMo_Cohort_Eng_Previous2_Num,"Reading, writing and maths expected standard",RwmExpected,Non-mobile,NMo,EES,0,0,KS2_Performance,Performance,,,,,,,,subject,Reading,,,,,,,,,,,,,
England,23_KS2P_RWMEXP_WRIT_NMO_ENG,RwmExpected_Writing_NMo_Cohort_Eng_Previous2_Num,"Reading, writing and maths expected standard",RwmExpected,Non-mobile,NMo,EES,0,0,KS2_Performance,Performance,,,,,,,,subject,Writing,,,,,,,,,,,,,
England,23_KS2P_RWMEXP_MATH_NMO_ENG,RwmExpected_Maths_NMo_Cohort_Eng_Previous2_Num,"Reading, writing and maths expected standard",RwmExpected,Non-mobile,NMo,EES,0,0,KS2_Performance,Performance,,,,,,,,subject,Maths,,,,,,,,,,,,,
England,23_KS2P_RWMEXP_MOB_ENG,RwmExpected_Mob_Cohort_Eng_Previous2_Num,"Reading, writing and maths expected standard",RwmExpected,Mobile,Mob,EES,0,0,KS2_Performance,Performance,,,,,,,,,,,,,,,,,,,,,,
England,23_KS2P_RWMEXP_READ_MOB_ENG,RwmExpected_Reading_Mob_Cohort_Eng_Previous2_Num,"Reading, writing and maths expected standard",RwmExpected,Mobile,Mob,EES,0,0,KS2_Performance,Performance,,,,,,,,subject,Reading,,,,,,,,,,,,,
England,23_KS2P_RWMEXP_WRIT_MOB_ENG,RwmExpected_Writing_Mob_Cohort_Eng_Previous2_Num,"Reading, writing and maths expected standard",RwmExpected,Mobile,Mob,EES,0,0,KS2_Performance,Performance,,,,,,,,subject,Writing,,,,,,,,,,,,,
England,23_KS2P_RWMEXP_MATH_MOB_ENG,RwmExpected_Maths_Mob_Cohort_Eng_Previous2_Num,"Reading, writing and maths expected standard",RwmExpected,Mobile,Mob,EES,0,0,KS2_Performance,Performance,,,,,,,,subject,Maths,,,,,,,,,,,,,
England,23_KS2P_RWMHIG_TOT_ENG,RwmHigher_Tot_Cohort_Eng_Previous2_Num,"Reading, writing and maths higher standard",RwmHigher,Total,Tot,EES,0,0,KS2_Performance,Performance,,,,,,,,,,,,,,,,,,,,,,
England,23_KS2P_RWMHIG_READ_TOT_ENG,RwmHigher_Reading_Tot_Cohort_Eng_Previous2_Num,"Reading, writing and maths higher standard",RwmHigher,Total,Tot,EES,0,0,KS2_Performance,Performance,,,,,,,,subject,Reading,,,,,,,,,,,,,
England,23_KS2P_RWMHIG_WRIT_TOT_ENG,RwmHigher_Writing_Tot_Cohort_Eng_Previous2_Num,"Reading, writing and maths higher standard",RwmHigher,Total,Tot,EES,0,0,KS2_Performance,Performance,,,,,,,,subject,Writing,,,,,,,,,,,,,
England,23_KS2P_RWMHIG_MATH_TOT_ENG,RwmHigher_Maths_Tot_Cohort_Eng_Previous2_Num,"Reading, writing and maths higher standard",RwmHigher,Total,Tot,EES,0,0,KS2_Performance,Performance,,,,,,,,subject,Maths,,,,,,,,,,,,,
England,23_KS2P_RWMHIG_BOY_ENG,RwmHigher_Boy_Cohort_Eng_Previous2_Num,"Reading, writing and maths higher standard",RwmHigher,Boys,Boy,EES,0,0,KS2_Performance,Performance,,,,,,,,,,,,,,,,,,,,,,
England,23_KS2P_RWMHIG_READ_BOY_ENG,RwmHigher_Reading_Boy_Cohort_Eng_Previous2_Num,"Reading, writing and maths higher standard",RwmHigher,Boys,Boy,EES,0,0,KS2_Performance,Performance,,,,,,,,subject,Reading,,,,,,,,,,,,,
England,23_KS2P_RWMHIG_WRIT_BOY_ENG,RwmHigher_Writing_Boy_Cohort_Eng_Previous2_Num,"Reading, writing and maths higher standard",RwmHigher,Boys,Boy,EES,0,0,KS2_Performance,Performance,,,,,,,,subject,Writing,,,,,,,,,,,,,
England,23_KS2P_RWMHIG_MATH_BOY_ENG,RwmHigher_Maths_Boy_Cohort_Eng_Previous2_Num,"Reading, writing and maths higher standard",RwmHigher,Boys,Boy,EES,0,0,KS2_Performance,Performance,,,,,,,,subject,Maths,,,,,,,,,,,,,
England,23_KS2P_RWMHIG_GRL_ENG,RwmHigher_Grl_Cohort_Eng_Previous2_Num,"Reading, writing and maths higher standard",RwmHigher,Girls,Grl,EES,0,0,KS2_Performance,Performance,,,,,,,,,,,,,,,,,,,,,,
England,23_KS2P_RWMHIG_READ_GRL_ENG,RwmHigher_Reading_Grl_Cohort_Eng_Previous2_Num,"Reading, writing and maths higher standard",RwmHigher,Girls,Grl,EES,0,0,KS2_Performance,Performance,,,,,,,,subject,Reading,,,,,,,,,,,,,
England,23_KS2P_RWMHIG_WRIT_GRL_ENG,RwmHigher_Writing_Grl_Cohort_Eng_Previous2_Num,"Reading, writing and maths higher standard",RwmHigher,Girls,Grl,EES,0,0,KS2_Performance,Performance,,,,,,,,subject,Writing,,,,,,,,,,,,,
England,23_KS2P_RWMHIG_MATH_GRL_ENG,RwmHigher_Maths_Grl_Cohort_Eng_Previous2_Num,"Reading, writing and maths higher standard",RwmHigher,Girls,Grl,EES,0,0,KS2_Performance,Performance,,,,,,,,subject,Maths,,,,,,,,,,,,,
England,23_KS2P_RWMHIG_DIS_ENG,RwmHigher_Dis_Cohort_Eng_Previous2_Num,"Reading, writing and maths higher standard",RwmHigher,Disadvantaged,Dis,EES,0,0,KS2_Performance,Performance,,,,,,,,,,,,,,,,,,,,,,
England,23_KS2P_RWMHIG_READ_DIS_ENG,RwmHigher_Reading_Dis_Cohort_Eng_Previous2_Num,"Reading, writing and maths higher standard",RwmHigher,Disadvantaged,Dis,EES,0,0,KS2_Performance,Performance,,,,,,,,subject,Reading,,,,,,,,,,,,,
England,23_KS2P_RWMHIG_WRIT_DIS_ENG,RwmHigher_Writing_Dis_Cohort_Eng_Previous2_Num,"Reading, writing and maths higher standard",RwmHigher,Disadvantaged,Dis,EES,0,0,KS2_Performance,Performance,,,,,,,,subject,Writing,,,,,,,,,,,,,
England,23_KS2P_RWMHIG_MATH_DIS_ENG,RwmHigher_Maths_Dis_Cohort_Eng_Previous2_Num,"Reading, writing and maths higher standard",RwmHigher,Disadvantaged,Dis,EES,0,0,KS2_Performance,Performance,,,,,,,,subject,Maths,,,,,,,,,,,,,
England,23_KS2P_RWMHIG_NDI_ENG,RwmHigher_NDi_Cohort_Eng_Previous2_Num,"Reading, writing and maths higher standard",RwmHigher,Not disadvantaged,NDi,EES,0,0,KS2_Performance,Performance,,,,,,,,,,,,,,,,,,,,,,
England,23_KS2P_RWMHIG_READ_NDI_ENG,RwmHigher_Reading_NDi_Cohort_Eng_Previous2_Num,"Reading, writing and maths higher standard",RwmHigher,Not disadvantaged,NDi,EES,0,0,KS2_Performance,Performance,,,,,,,,subject,Reading,,,,,,,,,,,,,
England,23_KS2P_RWMHIG_WRIT_NDI_ENG,RwmHigher_Writing_NDi_Cohort_Eng_Previous2_Num,"Reading, writing and maths higher standard",RwmHigher,Not disadvantaged,NDi,EES,0,0,KS2_Performance,Performance,,,,,,,,subject,Writing,,,,,,,,,,,,,
England,23_KS2P_RWMHIG_MATH_NDI_ENG,RwmHigher_Maths_NDi_Cohort_Eng_Previous2_Num,"Reading, writing and maths higher standard",RwmHigher,Not disadvantaged,NDi,EES,0,0,KS2_Performance,Performance,,,,,,,,subject,Maths,,,,,,,,,,,,,
England,23_KS2P_RWMHIG_SENEHC_ENG,RwmHigher_SENEHC_Cohort_Eng_Previous2_Num,"Reading, writing and maths higher standard",RwmHigher,SEN EHC,SENEHC,EES,0,0,KS2_Performance,Performance,,,,,,,,,,,,,,,,,,,,,,
England,23_KS2P_RWMHIG_READ_SENEHC_ENG,RwmHigher_Reading_SENEHC_Cohort_Eng_Previous2_Num,"Reading, writing and maths higher standard",RwmHigher,SEN EHC,SENEHC,EES,0,0,KS2_Performance,Performance,,,,,,,,subject,Reading,,,,,,,,,,,,,
England,23_KS2P_RWMHIG_WRIT_SENEHC_ENG,RwmHigher_Writing_SENEHC_Cohort_Eng_Previous2_Num,"Reading, writing and maths higher standard",RwmHigher,SEN EHC,SENEHC,EES,0,0,KS2_Performance,Performance,,,,,,,,subject,Writing,,,,,,,,,,,,,
England,23_KS2P_RWMHIG_MATH_SENEHC_ENG,RwmHigher_Maths_SENEHC_Cohort_Eng_Previous2_Num,"Reading, writing and maths higher standard",RwmHigher,SEN EHC,SENEHC,EES,0,0,KS2_Performance,Performance,,,,,,,,subject,Maths,,,,,,,,,,,,,
England,23_KS2P_RWMHIG_SENSUP_ENG,RwmHigher_SENSup_Cohort_Eng_Previous2_Num,"Reading, writing and maths higher standard",RwmHigher,SEN support,SENSup,EES,0,0,KS2_Performance,Performance,,,,,,,,,,,,,,,,,,,,,,
England,23_KS2P_RWMHIG_READ_SENSUP_ENG,RwmHigher_Reading_SENSup_Cohort_Eng_Previous2_Num,"Reading, writing and maths higher standard",RwmHigher,SEN support,SENSup,EES,0,0,KS2_Performance,Performance,,,,,,,,subject,Reading,,,,,,,,,,,,,
England,23_KS2P_RWMHIG_WRIT_SENSUP_ENG,RwmHigher_Writing_SENSup_Cohort_Eng_Previous2_Num,"Reading, writing and maths higher standard",RwmHigher,SEN support,SENSup,EES,0,0,KS2_Performance,Performance,,,,,,,,subject,Writing,,,,,,,,,,,,,
England,23_KS2P_RWMHIG_MATH_SENSUP_ENG,RwmHigher_Maths_SENSup_Cohort_Eng_Previous2_Num,"Reading, writing and maths higher standard",RwmHigher,SEN support,SENSup,EES,0,0,KS2_Performance,Performance,,,,,,,,subject,Maths,,,,,,,,,,,,,
England,23_KS2P_RWMHIG_NOSEN_ENG,RwmHigher_NoSEN_Cohort_Eng_Previous2_Num,"Reading, writing and maths higher standard",RwmHigher,No SEN,NoSEN,EES,0,0,KS2_Performance,Performance,,,,,,,,,,,,,,,,,,,,,,
England,23_KS2P_RWMHIG_READ_NOSEN_ENG,RwmHigher_Reading_NoSEN_Cohort_Eng_Previous2_Num,"Reading, writing and maths higher standard",RwmHigher,No SEN,NoSEN,EES,0,0,KS2_Performance,Performance,,,,,,,,subject,Reading,,,,,,,,,,,,,
England,23_KS2P_RWMHIG_WRIT_NOSEN_ENG,RwmHigher_Writing_NoSEN_Cohort_Eng_Previous2_Num,"Reading, writing and maths higher standard",RwmHigher,No SEN,NoSEN,EES,0,0,KS2_Performance,Performance,,,,,,,,subject,Writing,,,,,,,,,,,,,
England,23_KS2P_RWMHIG_MATH_NOSEN_ENG,RwmHigher_Maths_NoSEN_Cohort_Eng_Previous2_Num,"Reading, writing and maths higher standard",RwmHigher,No SEN,NoSEN,EES,0,0,KS2_Performance,Performance,,,,,,,,subject,Maths,,,,,,,,,,,,,
England,23_KS2P_RWMHIG_EFL_ENG,RwmHigher_EFL_Cohort_Eng_Previous2_Num,"Reading, writing and maths higher standard",RwmHigher,English first language,EFL,EES,0,0,KS2_Performance,Performance,,,,,,,,,,,,,,,,,,,,,,
England,23_KS2P_RWMHIG_READ_EFL_ENG,RwmHigher_Reading_EFL_Cohort_Eng_Previous2_Num,"Reading, writing and maths higher standard",RwmHigher,English first language,EFL,EES,0,0,KS2_Performance,Performance,,,,,,,,subject,Reading,,,,,,,,,,,,,
England,23_KS2P_RWMHIG_WRIT_EFL_ENG,RwmHigher_Writing_EFL_Cohort_Eng_Previous2_Num,"Reading, writing and maths higher standard",RwmHigher,English first language,EFL,EES,0,0,KS2_Performance,Performance,,,,,,,,subject,Writing,,,,,,,,,,,,,
England,23_KS2P_RWMHIG_MATH_EFL_ENG,RwmHigher_Maths_EFL_Cohort_Eng_Previous2_Num,"Reading, writing and maths higher standard",RwmHigher,English first language,EFL,EES,0,0,KS2_Performance,Performance,,,,,,,,subject,Maths,,,,,,,,,,,,,
England,23_KS2P_RWMHIG_EAL_ENG,RwmHigher_EAL_Cohort_Eng_Previous2_Num,"Reading, writing and maths higher standard",RwmHigher,English as an additional language,EAL,EES,0,0,KS2_Performance,Performance,,,,,,,,,,,,,,,,,,,,,,
England,23_KS2P_RWMHIG_READ_EAL_ENG,RwmHigher_Reading_EAL_Cohort_Eng_Previous2_Num,"Reading, writing and maths higher standard",RwmHigher,English as an additional language,EAL,EES,0,0,KS2_Performance,Performance,,,,,,,,subject,Reading,,,,,,,,,,,,,
England,23_KS2P_RWMHIG_WRIT_EAL_ENG,RwmHigher_Writing_EAL_Cohort_Eng_Previous2_Num,"Reading, writing and maths higher standard",RwmHigher,English as an additional language,EAL,EES,0,0,KS2_Performance,Performance,,,,,,,,subject,Writing,,,,,,,,,,,,,
England,23_KS2P_RWMHIG_MATH_EAL_ENG,RwmHigher_Maths_EAL_Cohort_Eng_Previous2_Num,"Reading, writing and maths higher standard",RwmHigher,English as an additional language,EAL,EES,0,0,KS2_Performance,Performance,,,,,,,,subject,Maths,,,,,,,,,,,,,
England,23_KS2P_RWMHIG_NMO_ENG,RwmHigher_NMo_Cohort_Eng_Previous2_Num,"Reading, writing and maths higher standard",RwmHigher,Non-mobile,NMo,EES,0,0,KS2_Performance,Performance,,,,,,,,,,,,,,,,,,,,,,
England,23_KS2P_RWMHIG_READ_NMO_ENG,RwmHigher_Reading_NMo_Cohort_Eng_Previous2_Num,"Reading, writing and maths higher standard",RwmHigher,Non-mobile,NMo,EES,0,0,KS2_Performance,Performance,,,,,,,,subject,Reading,,,,,,,,,,,,,
England,23_KS2P_RWMHIG_WRIT_NMO_ENG,RwmHigher_Writing_NMo_Cohort_Eng_Previous2_Num,"Reading, writing and maths higher standard",RwmHigher,Non-mobile,NMo,EES,0,0,KS2_Performance,Performance,,,,,,,,subject,Writing,,,,,,,,,,,,,
England,23_KS2P_RWMHIG_MATH_NMO_ENG,RwmHigher_Maths_NMo_Cohort_Eng_Previous2_Num,"Reading, writing and maths higher standard",RwmHigher,Non-mobile,NMo,EES,0,0,KS2_Performance,Performance,,,,,,,,subject,Maths,,,,,,,,,,,,,
England,23_KS2P_RWMHIG_MOB_ENG,RwmHigher_Mob_Cohort_Eng_Previous2_Num,"Reading, writing and maths higher standard",RwmHigher,Mobile,Mob,EES,0,0,KS2_Performance,Performance,,,,,,,,,,,,,,,,,,,,,,
England,23_KS2P_RWMHIG_READ_MOB_ENG,RwmHigher_Reading_Mob_Cohort_Eng_Previous2_Num,"Reading, writing and maths higher standard",RwmHigher,Mobile,Mob,EES,0,0,KS2_Performance,Performance,,,,,,,,subject,Reading,,,,,,,,,,,,,
England,23_KS2P_RWMHIG_WRIT_MOB_ENG,RwmHigher_Writing_Mob_Cohort_Eng_Previous2_Num,"Reading, writing and maths higher standard",RwmHigher,Mobile,Mob,EES,0,0,KS2_Performance,Performance,,,,,,,,subject,Writing,,,,,,,,,,,,,
England,23_KS2P_RWMHIG_MATH_MOB_ENG,RwmHigher_Maths_Mob_Cohort_Eng_Previous2_Num,"Reading, writing and maths higher standard",RwmHigher,Mobile,Mob,EES,0,0,KS2_Performance,Performance,,,,,,,,subject,Maths,,,,,,,,,,,,,
England,23_KS2P_READSCA_TOT_ENG,ReadingScaledScore_Tot_Cohort_Eng_Previous2_Num,Reading scaled score,ReadingScaledScore,Total,Tot,EES,0,0,KS2_Performance,Performance,,,,,,,,,,,,,,,,,,,,,,
England,23_KS2P_READSCA_BOY_ENG,ReadingScaledScore_Boy_Cohort_Eng_Previous2_Num,Reading scaled score,ReadingScaledScore,Boys,Boy,EES,0,0,KS2_Performance,Performance,,,,,,,,,,,,,,,,,,,,,,
England,23_KS2P_READSCA_GRL_ENG,ReadingScaledScore_Grl_Cohort_Eng_Previous2_Num,Reading scaled score,ReadingScaledScore,Girls,Grl,EES,0,0,KS2_Performance,Performance,,,,,,,,,,,,,,,,,,,,,,
England,23_KS2P_READSCA_DIS_ENG,ReadingScaledScore_Dis_Cohort_Eng_Previous2_Num,Reading scaled score,ReadingScaledScore,Disadvantaged,Dis,EES,0,0,KS2_Performance,Performance,,,,,,,,,,,,,,,,,,,,,,
England,23_KS2P_READSCA_NDI_ENG,ReadingScaledScore_NDi_Cohort_Eng_Previous2_Num,Reading scaled score,ReadingScaledScore,Not disadvantaged,NDi,EES,0,0,KS2_Performance,Performance,,,,,,,,,,,,,,,,,,,,,,
England,23_KS2P_READSCA_SENEHC_ENG,ReadingScaledScore_SENEHC_Cohort_Eng_Previous2_Num,Reading scaled score,ReadingScaledScore,SEN EHC,SENEHC,EES,0,0,KS2_Performance,Performance,,,,,,,,,,,,,,,,,,,,,,
England,23_KS2P_READSCA_SENSUP_ENG,ReadingScaledScore_SENSup_Cohort_Eng_Previous2_Num,Reading scaled score,ReadingScaledScore,SEN support,SENSup,EES,0,0,KS2_Performance,Performance,,,,,,,,,,,,,,,,,,,,,,
England,23_KS2P_READSCA_NOSEN_ENG,ReadingScaledScore_NoSEN_Cohort_Eng_Previous2_Num,Reading scaled score,ReadingScaledScore,No SEN,NoSEN,EES,0,0,KS2_Performance,Performance,,,,,,,,,,,,,,,,,,,,,,
England,23_KS2P_READSCA_EFL_ENG,ReadingScaledScore_EFL_Cohort_Eng_Previous2_Num,Reading scaled score,ReadingScaledScore,English first language,EFL,EES,0,0,KS2_Performance,Performance,,,,,,,,,,,,,,,,,,,,,,
England,23_KS2P_READSCA_EAL_ENG,ReadingScaledScore_EAL_Cohort_Eng_Previous2_Num,Reading scaled score,ReadingScaledScore,English as an additional language,EAL,EES,0,0,KS2_Performance,Performance,,,,,,,,,,,,,,,,,,,,,,
England,23_KS2P_READSCA_NMO_ENG,ReadingScaledScore_NMo_Cohort_Eng_Previous2_Num,Reading scaled score,ReadingScaledScore,Non-mobile,NMo,EES,0,0,KS2_Performance,Performance,,,,,,,,,,,,,,,,,,,,,,
England,23_KS2P_READSCA_MOB_ENG,ReadingScaledScore_Mob_Cohort_Eng_Previous2_Num,Reading scaled score,ReadingScaledScore,Mobile,Mob,EES,0,0,KS2_Performance,Performance,,,,,,,,,,,,,,,,,,,,,,
England,23_KS2P_MATHSCA_TOT_ENG,MathsScaledScore_Tot_Cohort_Eng_Previous2_Num,Maths scaled score,MathsScaledScore,Total,Tot,EES,0,0,KS2_Performance,Performance,,,,,,,,,,,,,,,,,,,,,,
England,23_KS2P_MATHSCA_BOY_ENG,MathsScaledScore_Boy_Cohort_Eng_Previous2_Num,Maths scaled score,MathsScaledScore,Boys,Boy,EES,0,0,KS2_Performance,Performance,,,,,,,,,,,,,,,,,,,,,,
England,23_KS2P_MATHSCA_GRL_ENG,MathsScaledScore_Grl_Cohort_Eng_Previous2_Num,Maths scaled score,MathsScaledScore,Girls,Grl,EES,0,0,KS2_Performance,Performance,,,,,,,,,,,,,,,,,,,,,,
England,23_KS2P_MATHSCA_DIS_ENG,MathsScaledScore_Dis_Cohort_Eng_Previous2_Num,Maths scaled score,MathsScaledScore,Disadvantaged,Dis,EES,0,0,KS2_Performance,Performance,,,,,,,,,,,,,,,,,,,,,,
England,23_KS2P_MATHSCA_NDI_ENG,MathsScaledScore_NDi_Cohort_Eng_Previous2_Num,Maths scaled score,MathsScaledScore,Not disadvantaged,NDi,EES,0,0,KS2_Performance,Performance,,,,,,,,,,,,,,,,,,,,,,
England,23_KS2P_MATHSCA_SENEHC_ENG,MathsScaledScore_SENEHC_Cohort_Eng_Previous2_Num,Maths scaled score,MathsScaledScore,SEN EHC,SENEHC,EES,0,0,KS2_Performance,Performance,,,,,,,,,,,,,,,,,,,,,,
England,23_KS2P_MATHSCA_SENSUP_ENG,MathsScaledScore_SENSup_Cohort_Eng_Previous2_Num,Maths scaled score,MathsScaledScore,SEN support,SENSup,EES,0,0,KS2_Performance,Performance,,,,,,,,,,,,,,,,,,,,,,
England,23_KS2P_MATHSCA_NOSEN_ENG,MathsScaledScore_NoSEN_Cohort_Eng_Previous2_Num,Maths scaled score,MathsScaledScore,No SEN,NoSEN,EES,0,0,KS2_Performance,Performance,,,,,,,,,,,,,,,,,,,,,,
England,23_KS2P_MATHSCA_EFL_ENG,MathsScaledScore_EFL_Cohort_Eng_Previous2_Num,Maths scaled score,MathsScaledScore,English first language,EFL,EES,0,0,KS2_Performance,Performance,,,,,,,,,,,,,,,,,,,,,,
England,23_KS2P_MATHSCA_EAL_ENG,MathsScaledScore_EAL_Cohort_Eng_Previous2_Num,Maths scaled score,MathsScaledScore,English as an additional language,EAL,EES,0,0,KS2_Performance,Performance,,,,,,,,,,,,,,,,,,,,,,
England,23_KS2P_MATHSCA_NMO_ENG,MathsScaledScore_NMo_Cohort_Eng_Previous2_Num,Maths scaled score,MathsScaledScore,Non-mobile,NMo,EES,0,0,KS2_Performance,Performance,,,,,,,,,,,,,,,,,,,,,,
England,23_KS2P_MATHSCA_MOB_ENG,MathsScaledScore_Mob_Cohort_Eng_Previous2_Num,Maths scaled score,MathsScaledScore,Mobile,Mob,EES,0,0,KS2_Performance,Performance,,,,,,,,,,,,,,,,,,,,,,
England,23_KS2P_GPSEXP_TOT_ENG,GpsExpected_Tot_Cohort_Eng_Previous2_Num,"Grammar, punctuation and spelling expected standard",GpsExpected,Total,Tot,EES,0,0,KS2_Performance,Performance,,,,,,,,,,,,,,,,,,,,,,
England,23_KS2P_GPSEXP_BOY_ENG,GpsExpected_Boy_Cohort_Eng_Previous2_Num,"Grammar, punctuation and spelling expected standard",GpsExpected,Boys,Boy,EES,0,0,KS2_Performance,Performance,,,,,,,,,,,,,,,,,,,,,,
England,23_KS2P_GPSEXP_GRL_ENG,GpsExpected_Grl_Cohort_Eng_Previous2_Num,"Grammar, punctuation and spelling expected standard",GpsExpected,Girls,Grl,EES,0,0,KS2_Performance,Performance,,,,,,,,,,,,,,,,,,,,,,
England,23_KS2P_GPSEXP_DIS_ENG,GpsExpected_Dis_Cohort_Eng_Previous2_Num,"Grammar, punctuation and spelling expected standard",GpsExpected,Disadvantaged,Dis,EES,0,0,KS2_Performance,Performance,,,,,,,,,,,,,,,,,,,,,,
England,23_KS2P_GPSEXP_NDI_ENG,GpsExpected_NDi_Cohort_Eng_Previous2_Num,"Grammar, punctuation and spelling expected standard",GpsExpected,Not disadvantaged,NDi,EES,0,0,KS2_Performance,Performance,,,,,,,,,,,,,,,,,,,,,,
England,23_KS2P_GPSEXP_SENEHC_ENG,GpsExpected_SENEHC_Cohort_Eng_Previous2_Num,"Grammar, punctuation and spelling expected standard",GpsExpected,SEN EHC,SENEHC,EES,0,0,KS2_Performance,Performance,,,,,,,,,,,,,,,,,,,,,,
England,23_KS2P_GPSEXP_SENSUP_ENG,GpsExpected_SENSup_Cohort_Eng_Previous2_Num,"Grammar, punctuation and spelling expected standard",GpsExpected,SEN support,SENSup,EES,0,0,KS2_Performance,Performance,,,,,,,,,,,,,,,,,,,,,,
England,23_KS2P_GPSEXP_NOSEN_ENG,GpsExpected_NoSEN_Cohort_Eng_Previous2_Num,"Grammar, punctuation and spelling expected standard",GpsExpected,No SEN,NoSEN,EES,0,0,KS2_Performance,Performance,,,,,,,,,,,,,,,,,,,,,,
England,23_KS2P_GPSEXP_EFL_ENG,GpsExpected_EFL_Cohort_Eng_Previous2_Num,"Grammar, punctuation and spelling expected standard",GpsExpected,English first language,EFL,EES,0,0,KS2_Performance,Performance,,,,,,,,,,,,,,,,,,,,,,
England,23_KS2P_GPSEXP_EAL_ENG,GpsExpected_EAL_Cohort_Eng_Previous2_Num,"Grammar, punctuation and spelling expected standard",GpsExpected,English as an additional language,EAL,EES,0,0,KS2_Performance,Performance,,,,,,,,,,,,,,,,,,,,,,
England,23_KS2P_GPSEXP_NMO_ENG,GpsExpected_NMo_Cohort_Eng_Previous2_Num,"Grammar, punctuation and spelling expected standard",GpsExpected,Non-mobile,NMo,EES,0,0,KS2_Performance,Performance,,,,,,,,,,,,,,,,,,,,,,
England,23_KS2P_GPSEXP_MOB_ENG,GpsExpected_Mob_Cohort_Eng_Previous2_Num,"Grammar, punctuation and spelling expected standard",GpsExpected,Mobile,Mob,EES,0,0,KS2_Performance,Performance,,,,,,,,,,,,,,,,,,,,,,
England,23_KS2P_GPSHIG_TOT_ENG,GpsHigher_Tot_Cohort_Eng_Previous2_Num,"Grammar, punctuation and spelling higher standard",GpsHigher,Total,Tot,EES,0,0,KS2_Performance,Performance,,,,,,,,,,,,,,,,,,,,,,
England,23_KS2P_GPSHIG_BOY_ENG,GpsHigher_Boy_Cohort_Eng_Previous2_Num,"Grammar, punctuation and spelling higher standard",GpsHigher,Boys,Boy,EES,0,0,KS2_Performance,Performance,,,,,,,,,,,,,,,,,,,,,,
England,23_KS2P_GPSHIG_GRL_ENG,GpsHigher_Grl_Cohort_Eng_Previous2_Num,"Grammar, punctuation and spelling higher standard",GpsHigher,Girls,Grl,EES,0,0,KS2_Performance,Performance,,,,,,,,,,,,,,,,,,,,,,
England,23_KS2P_GPSHIG_DIS_ENG,GpsHigher_Dis_Cohort_Eng_Previous2_Num,"Grammar, punctuation and spelling higher standard",GpsHigher,Disadvantaged,Dis,EES,0,0,KS2_Performance,Performance,,,,,,,,,,,,,,,,,,,,,,
England,23_KS2P_GPSHIG_NDI_ENG,GpsHigher_NDi_Cohort_Eng_Previous2_Num,"Grammar, punctuation and spelling higher standard",GpsHigher,Not disadvantaged,NDi,EES,0,0,KS2_Performance,Performance,,,,,,,,,,,,,,,,,,,,,,
England,23_KS2P_GPSHIG_SENEHC_ENG,GpsHigher_SENEHC_Cohort_Eng_Previous2_Num,"Grammar, punctuation and spelling higher standard",GpsHigher,SEN EHC,SENEHC,EES,0,0,KS2_Performance,Performance,,,,,,,,,,,,,,,,,,,,,,
England,23_KS2P_GPSHIG_SENSUP_ENG,GpsHigher_SENSup_Cohort_Eng_Previous2_Num,"Grammar, punctuation and spelling higher standard",GpsHigher,SEN support,SENSup,EES,0,0,KS2_Performance,Performance,,,,,,,,,,,,,,,,,,,,,,
England,23_KS2P_GPSHIG_NOSEN_ENG,GpsHigher_NoSEN_Cohort_Eng_Previous2_Num,"Grammar, punctuation and spelling higher standard",GpsHigher,No SEN,NoSEN,EES,0,0,KS2_Performance,Performance,,,,,,,,,,,,,,,,,,,,,,
England,23_KS2P_GPSHIG_EFL_ENG,GpsHigher_EFL_Cohort_Eng_Previous2_Num,"Grammar, punctuation and spelling higher standard",GpsHigher,English first language,EFL,EES,0,0,KS2_Performance,Performance,,,,,,,,,,,,,,,,,,,,,,
England,23_KS2P_GPSHIG_EAL_ENG,GpsHigher_EAL_Cohort_Eng_Previous2_Num,"Grammar, punctuation and spelling higher standard",GpsHigher,English as an additional language,EAL,EES,0,0,KS2_Performance,Performance,,,,,,,,,,,,,,,,,,,,,,
England,23_KS2P_GPSHIG_NMO_ENG,GpsHigher_NMo_Cohort_Eng_Previous2_Num,"Grammar, punctuation and spelling higher standard",GpsHigher,Non-mobile,NMo,EES,0,0,KS2_Performance,Performance,,,,,,,,,,,,,,,,,,,,,,
England,23_KS2P_GPSHIG_MOB_ENG,GpsHigher_Mob_Cohort_Eng_Previous2_Num,"Grammar, punctuation and spelling higher standard",GpsHigher,Mobile,Mob,EES,0,0,KS2_Performance,Performance,,,,,,,,,,,,,,,,,,,,,,
LA,25_KS2P_RWMEXP_TOT_LA,RwmExpected_Tot_Cohort_LA_Current_Num,"Reading, writing and maths expected standard",RwmExpected,Total,Tot,EES,0,0,KS2_Performance,Performance,,,,,,,,,,,,,,,,,,,,,,
LA,25_KS2P_RWMEXP_READ_TOT_LA,RwmExpected_Reading_Tot_Cohort_LA_Current_Num,"Reading, writing and maths expected standard",RwmExpected,Total,Tot,EES,0,0,KS2_Performance,Performance,,,,,,,,subject,Reading,,,,,,,,,,,,,
LA,25_KS2P_RWMEXP_WRIT_TOT_LA,RwmExpected_Writing_Tot_Cohort_LA_Current_Num,"Reading, writing and maths expected standard",RwmExpected,Total,Tot,EES,0,0,KS2_Performance,Performance,,,,,,,,subject,Writing,,,,,,,,,,,,,
LA,25_KS2P_RWMEXP_MATH_TOT_LA,RwmExpected_Maths_Tot_Cohort_LA_Current_Num,"Reading, writing and maths expected standard",RwmExpected,Total,Tot,EES,0,0,KS2_Performance,Performance,,,,,,,,subject,Maths,,,,,,,,,,,,,
LA,25_KS2P_RWMEXP_BOY_LA,RwmExpected_Boy_Cohort_LA_Current_Num,"Reading, writing and maths expected standard",RwmExpected,Boys,Boy,EES,0,0,KS2_Performance,Performance,,,,,,,,,,,,,,,,,,,,,,
LA,25_KS2P_RWMEXP_READ_BOY_LA,RwmExpected_Reading_Boy_Cohort_LA_Current_Num,"Reading, writing and maths expected standard",RwmExpected,Boys,Boy,EES,0,0,KS2_Performance,Performance,,,,,,,,subject,Reading,,,,,,,,,,,,,
LA,25_KS2P_RWMEXP_WRIT_BOY_LA,RwmExpected_Writing_Boy_Cohort_LA_Current_Num,"Reading, writing and maths expected standard",RwmExpected,Boys,Boy,EES,0,0,KS2_Performance,Performance,,,,,,,,subject,Writing,,,,,,,,,,,,,
LA,25_KS2P_RWMEXP_MATH_BOY_LA,RwmExpected_Maths_Boy_Cohort_LA_Current_Num,"Reading, writing and maths expected standard",RwmExpected,Boys,Boy,EES,0,0,KS2_Performance,Performance,,,,,,,,subject,Maths,,,,,,,,,,,,,
LA,25_KS2P_RWMEXP_GRL_LA,RwmExpected_Grl_Cohort_LA_Current_Num,"Reading, writing and maths expected standard",RwmExpected,Girls,Grl,EES,0,0,KS2_Performance,Performance,,,,,,,,,,,,,,,,,,,,,,
LA,25_KS2P_RWMEXP_READ_GRL_LA,RwmExpected_Reading_Grl_Cohort_LA_Current_Num,"Reading, writing and maths expected standard",RwmExpected,Girls,Grl,EES,0,0,KS2_Performance,Performance,,,,,,,,subject,Reading,,,,,,,,,,,,,
LA,25_KS2P_RWMEXP_WRIT_GRL_LA,RwmExpected_Writing_Grl_Cohort_LA_Current_Num,"Reading, writing and maths expected standard",RwmExpected,Girls,Grl,EES,0,0,KS2_Performance,Performance,,,,,,,,subject,Writing,,,,,,,,,,,,,
LA,25_KS2P_RWMEXP_MATH_GRL_LA,RwmExpected_Maths_Grl_Cohort_LA_Current_Num,"Reading, writing and maths expected standard",RwmExpected,Girls,Grl,EES,0,0,KS2_Performance,Performance,,,,,,,,subject,Maths,,,,,,,,,,,,,
LA,25_KS2P_RWMEXP_DIS_LA,RwmExpected_Dis_Cohort_LA_Current_Num,"Reading, writing and maths expected standard",RwmExpected,Disadvantaged,Dis,EES,0,0,KS2_Performance,Performance,,,,,,,,,,,,,,,,,,,,,,
LA,25_KS2P_RWMEXP_READ_DIS_LA,RwmExpected_Reading_Dis_Cohort_LA_Current_Num,"Reading, writing and maths expected standard",RwmExpected,Disadvantaged,Dis,EES,0,0,KS2_Performance,Performance,,,,,,,,subject,Reading,,,,,,,,,,,,,
LA,25_KS2P_RWMEXP_WRIT_DIS_LA,RwmExpected_Writing_Dis_Cohort_LA_Current_Num,"Reading, writing and maths expected standard",RwmExpected,Disadvantaged,Dis,EES,0,0,KS2_Performance,Performance,,,,,,,,subject,Writing,,,,,,,,,,,,,
LA,25_KS2P_RWMEXP_MATH_DIS_LA,RwmExpected_Maths_Dis_Cohort_LA_Current_Num,"Reading, writing and maths expected standard",RwmExpected,Disadvantaged,Dis,EES,0,0,KS2_Performance,Performance,,,,,,,,subject,Maths,,,,,,,,,,,,,
LA,25_KS2P_RWMEXP_NDI_LA,RwmExpected_NDi_Cohort_LA_Current_Num,"Reading, writing and maths expected standard",RwmExpected,Not disadvantaged,NDi,EES,0,0,KS2_Performance,Performance,,,,,,,,,,,,,,,,,,,,,,
LA,25_KS2P_RWMEXP_READ_NDI_LA,RwmExpected_Reading_NDi_Cohort_LA_Current_Num,"Reading, writing and maths expected standard",RwmExpected,Not disadvantaged,NDi,EES,0,0,KS2_Performance,Performance,,,,,,,,subject,Reading,,,,,,,,,,,,,
LA,25_KS2P_RWMEXP_WRIT_NDI_LA,RwmExpected_Writing_NDi_Cohort_LA_Current_Num,"Reading, writing and maths expected standard",RwmExpected,Not disadvantaged,NDi,EES,0,0,KS2_Performance,Performance,,,,,,,,subject,Writing,,,,,,,,,,,,,
LA,25_KS2P_RWMEXP_MATH_NDI_LA,RwmExpected_Maths_NDi_Cohort_LA_Current_Num,"Reading, writing and maths expected standard",RwmExpected,Not disadvantaged,NDi,EES,0,0,KS2_Performance,Performance,,,,,,,,subject,Maths,,,,,,,,,,,,,
LA,25_KS2P_RWMEXP_SENEHC_LA,RwmExpected_SENEHC_Cohort_LA_Current_Num,"Reading, writing and maths expected standard",RwmExpected,SEN EHC,SENEHC,EES,0,0,KS2_Performance,Performance,,,,,,,,,,,,,,,,,,,,,,
LA,25_KS2P_RWMEXP_READ_SENEHC_LA,RwmExpected_Reading_SENEHC_Cohort_LA_Current_Num,"Reading, writing and maths expected standard",RwmExpected,SEN EHC,SENEHC,EES,0,0,KS2_Performance,Performance,,,,,,,,subject,Reading,,,,,,,,,,,,,
LA,25_KS2P_RWMEXP_WRIT_SENEHC_LA,RwmExpected_Writing_SENEHC_Cohort_LA_Current_Num,"Reading, writing and maths expected standard",RwmExpected,SEN EHC,SENEHC,EES,0,0,KS2_Performance,Performance,,,,,,,,subject,Writing,,,,,,,,,,,,,
LA,25_KS2P_RWMEXP_MATH_SENEHC_LA,RwmExpected_Maths_SENEHC_Cohort_LA_Current_Num,"Reading, writing and maths expected standard",RwmExpected,SEN EHC,SENEHC,EES,0,0,KS2_Performance,Performance,,,,,,,,subject,Maths,,,,,,,,,,,,,
LA,25_KS2P_RWMEXP_SENSUP_LA,RwmExpected_SENSup_Cohort_LA_Current_Num,"Reading, writing and maths expected standard",RwmExpected,SEN support,SENSup,EES,0,0,KS2_Performance,Performance,,,,,,,,,,,,,,,,,,,,,,
LA,25_KS2P_RWMEXP_READ_SENSUP_LA,RwmExpected_Reading_SENSup_Cohort_LA_Current_Num,"Reading, writing and maths expected standard",RwmExpected,SEN support,SENSup,EES,0,0,KS2_Performance,Performance,,,,,,,,subject,Reading,,,,,,,,,,,,,
LA,25_KS2P_RWMEXP_WRIT_SENSUP_LA,RwmExpected_Writing_SENSup_Cohort_LA_Current_Num,"Reading, writing and maths expected standard",RwmExpected,SEN support,SENSup,EES,0,0,KS2_Performance,Performance,,,,,,,,subject,Writing,,,,,,,,,,,,,
LA,25_KS2P_RWMEXP_MATH_SENSUP_LA,RwmExpected_Maths_SENSup_Cohort_LA_Current_Num,"Reading, writing and maths expected standard",RwmExpected,SEN support,SENSup,EES,0,0,KS2_Performance,Performance,,,,,,,,subject,Maths,,,,,,,,,,,,,
LA,25_KS2P_RWMEXP_NOSEN_LA,RwmExpected_NoSEN_Cohort_LA_Current_Num,"Reading, writing and maths expected standard",RwmExpected,No SEN,NoSEN,EES,0,0,KS2_Performance,Performance,,,,,,,,,,,,,,,,,,,,,,
LA,25_KS2P_RWMEXP_READ_NOSEN_LA,RwmExpected_Reading_NoSEN_Cohort_LA_Current_Num,"Reading, writing and maths expected standard",RwmExpected,No SEN,NoSEN,EES,0,0,KS2_Performance,Performance,,,,,,,,subject,Reading,,,,,,,,,,,,,
LA,25_KS2P_RWMEXP_WRIT_NOSEN_LA,RwmExpected_Writing_NoSEN_Cohort_LA_Current_Num,"Reading, writing and maths expected standard",RwmExpected,No SEN,NoSEN,EES,0,0,KS2_Performance,Performance,,,,,,,,subject,Writing,,,,,,,,,,,,,
LA,25_KS2P_RWMEXP_MATH_NOSEN_LA,RwmExpected_Maths_NoSEN_Cohort_LA_Current_Num,"Reading, writing and maths expected standard",RwmExpected,No SEN,NoSEN,EES,0,0,KS2_Performance,Performance,,,,,,,,subject,Maths,,,,,,,,,,,,,
LA,25_KS2P_RWMEXP_EFL_LA,RwmExpected_EFL_Cohort_LA_Current_Num,"Reading, writing and maths expected standard",RwmExpected,English first language,EFL,EES,0,0,KS2_Performance,Performance,,,,,,,,,,,,,,,,,,,,,,
LA,25_KS2P_RWMEXP_READ_EFL_LA,RwmExpected_Reading_EFL_Cohort_LA_Current_Num,"Reading, writing and maths expected standard",RwmExpected,English first language,EFL,EES,0,0,KS2_Performance,Performance,,,,,,,,subject,Reading,,,,,,,,,,,,,
LA,25_KS2P_RWMEXP_WRIT_EFL_LA,RwmExpected_Writing_EFL_Cohort_LA_Current_Num,"Reading, writing and maths expected standard",RwmExpected,English first language,EFL,EES,0,0,KS2_Performance,Performance,,,,,,,,subject,Writing,,,,,,,,,,,,,
LA,25_KS2P_RWMEXP_MATH_EFL_LA,RwmExpected_Maths_EFL_Cohort_LA_Current_Num,"Reading, writing and maths expected standard",RwmExpected,English first language,EFL,EES,0,0,KS2_Performance,Performance,,,,,,,,subject,Maths,,,,,,,,,,,,,
LA,25_KS2P_RWMEXP_EAL_LA,RwmExpected_EAL_Cohort_LA_Current_Num,"Reading, writing and maths expected standard",RwmExpected,English as an additional language,EAL,EES,0,0,KS2_Performance,Performance,,,,,,,,,,,,,,,,,,,,,,
LA,25_KS2P_RWMEXP_READ_EAL_LA,RwmExpected_Reading_EAL_Cohort_LA_Current_Num,"Reading, writing and maths expected standard",RwmExpected,English as an additional language,EAL,EES,0,0,KS2_Performance,Performance,,,,,,,,subject,Reading,,,,,,,,,,,,,
LA,25_KS2P_RWMEXP_WRIT_EAL_LA,RwmExpected_Writing_EAL_Cohort_LA_Current_Num,"Reading, writing and maths expected standard",RwmExpected,English as an additional language,EAL,EES,0,0,KS2_Performance,Performance,,,,,,,,subject,Writing,,,,,,,,,,,,,
LA,25_KS2P_RWMEXP_MATH_EAL_LA,RwmExpected_Maths_EAL_Cohort_LA_Current_Num,"Reading, writing and maths expected standard",RwmExpected,English as an additional language,EAL,EES,0,0,KS2_Performance,Performance,,,,,,,,subject,Maths,,,,,,,,,,,,,
LA,25_KS2P_RWMEXP_NMO_LA,RwmExpected_NMo_Cohort_LA_Current_Num,"Reading, writing and maths expected standard",RwmExpected,Non-mobile,NMo,EES,0,0,KS2_Performance,Performance,,,,,,,,,,,,,,,,,,,,,,
LA,25_KS2P_RWMEXP_READ_NMO_LA,RwmExpected_Reading_NMo_Cohort_LA_Current_Num,"Reading, writing and maths expected standard",RwmExpected,Non-mobile,NMo,EES,0,0,KS2_Performance,Performance,,,,,,,,subject,Reading,,,,,,,,,,,,,
LA,25_KS2P_RWMEXP_WRIT_NMO_LA,RwmExpected_Writing_NMo_Cohort_LA_Current_Num,"Reading, writing and maths expected standard",RwmExpected,Non-mobile,NMo,EES,0,0,KS2_Performance,Performance,,,,,,,,subject,Writing,,,,,,,,,,,,,
LA,25_KS2P_RWMEXP_MATH_NMO_LA,RwmExpected_Maths_NMo_Cohort_LA_Current_Num,"Reading, writing and maths expected standard",RwmExpected,Non-mobile,NMo,EES,0,0,KS2_Performance,Performance,,,,,,,,subject,Maths,,,,,,,,,,,,,
LA,25_KS2P_RWMEXP_MOB_LA,RwmExpected_Mob_Cohort_LA_Current_Num,"Reading, writing and maths expected standard",RwmExpected,Mobile,Mob,EES,0,0,KS2_Performance,Performance,,,,,,,,,,,,,,,,,,,,,,
LA,25_KS2P_RWMEXP_READ_MOB_LA,RwmExpected_Reading_Mob_Cohort_LA_Current_Num,"Reading, writing and maths expected standard",RwmExpected,Mobile,Mob,EES,0,0,KS2_Performance,Performance,,,,,,,,subject,Reading,,,,,,,,,,,,,
LA,25_KS2P_RWMEXP_WRIT_MOB_LA,RwmExpected_Writing_Mob_Cohort_LA_Current_Num,"Reading, writing and maths expected standard",RwmExpected,Mobile,Mob,EES,0,0,KS2_Performance,Performance,,,,,,,,subject,Writing,,,,,,,,,,,,,
LA,25_KS2P_RWMEXP_MATH_MOB_LA,RwmExpected_Maths_Mob_Cohort_LA_Current_Num,"Reading, writing and maths expected standard",RwmExpected,Mobile,Mob,EES,0,0,KS2_Performance,Performance,,,,,,,,subject,Maths,,,,,,,,,,,,,
LA,25_KS2P_RWMHIG_TOT_LA,RwmHigher_Tot_Cohort_LA_Current_Num,"Reading, writing and maths higher standard",RwmHigher,Total,Tot,EES,0,0,KS2_Performance,Performance,,,,,,,,,,,,,,,,,,,,,,
LA,25_KS2P_RWMHIG_READ_TOT_LA,RwmHigher_Reading_Tot_Cohort_LA_Current_Num,"Reading, writing and maths higher standard",RwmHigher,Total,Tot,EES,0,0,KS2_Performance,Performance,,,,,,,,subject,Reading,,,,,,,,,,,,,
LA,25_KS2P_RWMHIG_WRIT_TOT_LA,RwmHigher_Writing_Tot_Cohort_LA_Current_Num,"Reading, writing and maths higher standard",RwmHigher,Total,Tot,EES,0,0,KS2_Performance,Performance,,,,,,,,subject,Writing,,,,,,,,,,,,,
LA,25_KS2P_RWMHIG_MATH_TOT_LA,RwmHigher_Maths_Tot_Cohort_LA_Current_Num,"Reading, writing and maths higher standard",RwmHigher,Total,Tot,EES,0,0,KS2_Performance,Performance,,,,,,,,subject,Maths,,,,,,,,,,,,,
LA,25_KS2P_RWMHIG_BOY_LA,RwmHigher_Boy_Cohort_LA_Current_Num,"Reading, writing and maths higher standard",RwmHigher,Boys,Boy,EES,0,0,KS2_Performance,Performance,,,,,,,,,,,,,,,,,,,,,,
LA,25_KS2P_RWMHIG_READ_BOY_LA,RwmHigher_Reading_Boy_Cohort_LA_Current_Num,"Reading, writing and maths higher standard",RwmHigher,Boys,Boy,EES,0,0,KS2_Performance,Performance,,,,,,,,subject,Reading,,,,,,,,,,,,,
LA,25_KS2P_RWMHIG_WRIT_BOY_LA,RwmHigher_Writing_Boy_Cohort_LA_Current_Num,"Reading, writing and maths higher standard",RwmHigher,Boys,Boy,EES,0,0,KS2_Performance,Performance,,,,,,,,subject,Writing,,,,,,,,,,,,,
LA,25_KS2P_RWMHIG_MATH_BOY_LA,RwmHigher_Maths_Boy_Cohort_LA_Current_Num,"Reading, writing and maths higher standard",RwmHigher,Boys,Boy,EES,0,0,KS2_Performance,Performance,,,,,,,,subject,Maths,,,,,,,,,,,,,
LA,25_KS2P_RWMHIG_GRL_LA,RwmHigher_Grl_Cohort_LA_Current_Num,"Reading, writing and maths higher standard",RwmHigher,Girls,Grl,EES,0,0,KS2_Performance,Performance,,,,,,,,,,,,,,,,,,,,,,
LA,25_KS2P_RWMHIG_READ_GRL_LA,RwmHigher_Reading_Grl_Cohort_LA_Current_Num,"Reading, writing and maths higher standard",RwmHigher,Girls,Grl,EES,0,0,KS2_Performance,Performance,,,,,,,,subject,Reading,,,,,,,,,,,,,
LA,25_KS2P_RWMHIG_WRIT_GRL_LA,RwmHigher_Writing_Grl_Cohort_LA_Current_Num,"Reading, writing and maths higher standard",RwmHigher,Girls,Grl,EES,0,0,KS2_Performance,Performance,,,,,,,,subject,Writing,,,,,,,,,,,,,
LA,25_KS2P_RWMHIG_MATH_GRL_LA,RwmHigher_Maths_Grl_Cohort_LA_Current_Num,"Reading, writing and maths higher standard",RwmHigher,Girls,Grl,EES,0,0,KS2_Performance,Performance,,,,,,,,subject,Maths,,,,,,,,,,,,,
LA,25_KS2P_RWMHIG_DIS_LA,RwmHigher_Dis_Cohort_LA_Current_Num,"Reading, writing and maths higher standard",RwmHigher,Disadvantaged,Dis,EES,0,0,KS2_Performance,Performance,,,,,,,,,,,,,,,,,,,,,,
LA,25_KS2P_RWMHIG_READ_DIS_LA,RwmHigher_Reading_Dis_Cohort_LA_Current_Num,"Reading, writing and maths higher standard",RwmHigher,Disadvantaged,Dis,EES,0,0,KS2_Performance,Performance,,,,,,,,subject,Reading,,,,,,,,,,,,,
LA,25_KS2P_RWMHIG_WRIT_DIS_LA,RwmHigher_Writing_Dis_Cohort_LA_Current_Num,"Reading, writing and maths higher standard",RwmHigher,Disadvantaged,Dis,EES,0,0,KS2_Performance,Performance,,,,,,,,subject,Writing,,,,,,,,,,,,,
LA,25_KS2P_RWMHIG_MATH_DIS_LA,RwmHigher_Maths_Dis_Cohort_LA_Current_Num,"Reading, writing and maths higher standard",RwmHigher,Disadvantaged,Dis,EES,0,0,KS2_Performance,Performance,,,,,,,,subject,Maths,,,,,,,,,,,,,
LA,25_KS2P_RWMHIG_NDI_LA,RwmHigher_NDi_Cohort_LA_Current_Num,"Reading, writing and maths higher standard",RwmHigher,Not disadvantaged,NDi,EES,0,0,KS2_Performance,Performance,,,,,,,,,,,,,,,,,,,,,,
LA,25_KS2P_RWMHIG_READ_NDI_LA,RwmHigher_Reading_NDi_Cohort_LA_Current_Num,"Reading, writing and maths higher standard",RwmHigher,Not disadvantaged,NDi,EES,0,0,KS2_Performance,Performance,,,,,,,,subject,Reading,,,,,,,,,,,,,
LA,25_KS2P_RWMHIG_WRIT_NDI_LA,RwmHigher_Writing_NDi_Cohort_LA_Current_Num,"Reading, writing and maths higher standard",RwmHigher,Not disadvantaged,NDi,EES,0,0,KS2_Performance,Performance,,,,,,,,subject,Writing,,,,,,,,,,,,,
LA,25_KS2P_RWMHIG_MATH_NDI_LA,RwmHigher_Maths_NDi_Cohort_LA_Current_Num,"Reading, writing and maths higher standard",RwmHigher,Not disadvantaged,NDi,EES,0,0,KS2_Performance,Performance,,,,,,,,subject,Maths,,,,,,,,,,,,,
LA,25_KS2P_RWMHIG_SENEHC_LA,RwmHigher_SENEHC_Cohort_LA_Current_Num,"Reading, writing and maths higher standard",RwmHigher,SEN EHC,SENEHC,EES,0,0,KS2_Performance,Performance,,,,,,,,,,,,,,,,,,,,,,
LA,25_KS2P_RWMHIG_READ_SENEHC_LA,RwmHigher_Reading_SENEHC_Cohort_LA_Current_Num,"Reading, writing and maths higher standard",RwmHigher,SEN EHC,SENEHC,EES,0,0,KS2_Performance,Performance,,,,,,,,subject,Reading,,,,,,,,,,,,,
LA,25_KS2P_RWMHIG_WRIT_SENEHC_LA,RwmHigher_Writing_SENEHC_Cohort_LA_Current_Num,"Reading, writing and maths higher standard",RwmHigher,SEN EHC,SENEHC,EES,0,0,KS2_Performance,Performance,,,,,,,,subject,Writing,,,,,,,,,,,,,
LA,25_KS2P_RWMHIG_MATH_SENEHC_LA,RwmHigher_Maths_SENEHC_Cohort_LA_Current_Num,"Reading, writing and maths higher standard",RwmHigher,SEN EHC,SENEHC,EES,0,0,KS2_Performance,Performance,,,,,,,,subject,Maths,,,,,,,,,,,,,
LA,25_KS2P_RWMHIG_SENSUP_LA,RwmHigher_SENSup_Cohort_LA_Current_Num,"Reading, writing and maths higher standard",RwmHigher,SEN support,SENSup,EES,0,0,KS2_Performance,Performance,,,,,,,,,,,,,,,,,,,,,,
LA,25_KS2P_RWMHIG_READ_SENSUP_LA,RwmHigher_Reading_SENSup_Cohort_LA_Current_Num,"Reading, writing and maths higher standard",RwmHigher,SEN support,SENSup,EES,0,0,KS2_Performance,Performance,,,,,,,,subject,Reading,,,,,,,,,,,,,
LA,25_KS2P_RWMHIG_WRIT_SENSUP_LA,RwmHigher_Writing_SENSup_Cohort_LA_Current_Num,"Reading, writing and maths higher standard",RwmHigher,SEN support,SENSup,EES,0,0,KS2_Performance,Performance,,,,,,,,subject,Writing,,,,,,,,,,,,,
LA,25_KS2P_RWMHIG_MATH_SENSUP_LA,RwmHigher_Maths_SENSup_Cohort_LA_Current_Num,"Reading, writing and maths higher standard",RwmHigher,SEN support,SENSup,EES,0,0,KS2_Performance,Performance,,,,,,,,subject,Maths,,,,,,,,,,,,,
LA,25_KS2P_RWMHIG_NOSEN_LA,RwmHigher_NoSEN_Cohort_LA_Current_Num,"Reading, writing and maths higher standard",RwmHigher,No SEN,NoSEN,EES,0,0,KS2_Performance,Performance,,,,,,,,,,,,,,,,,,,,,,
LA,25_KS2P_RWMHIG_READ_NOSEN_LA,RwmHigher_Reading_NoSEN_Cohort_LA_Current_Num,"Reading, writing and maths higher standard",RwmHigher,No SEN,NoSEN,EES,0,0,KS2_Performance,Performance,,,,,,,,subject,Reading,,,,,,,,,,,,,
LA,25_KS2P_RWMHIG_WRIT_NOSEN_LA,RwmHigher_Writing_NoSEN_Cohort_LA_Current_Num,"Reading, writing and maths higher standard",RwmHigher,No SEN,NoSEN,EES,0,0,KS2_Performance,Performance,,,,,,,,subject,Writing,,,,,,,,,,,,,
LA,25_KS2P_RWMHIG_MATH_NOSEN_LA,RwmHigher_Maths_NoSEN_Cohort_LA_Current_Num,"Reading, writing and maths higher standard",RwmHigher,No SEN,NoSEN,EES,0,0,KS2_Performance,Performance,,,,,,,,subject,Maths,,,,,,,,,,,,,
LA,25_KS2P_RWMHIG_EFL_LA,RwmHigher_EFL_Cohort_LA_Current_Num,"Reading, writing and maths higher standard",RwmHigher,English first language,EFL,EES,0,0,KS2_Performance,Performance,,,,,,,,,,,,,,,,,,,,,,
LA,25_KS2P_RWMHIG_READ_EFL_LA,RwmHigher_Reading_EFL_Cohort_LA_Current_Num,"Reading, writing and maths higher standard",RwmHigher,English first language,EFL,EES,0,0,KS2_Performance,Performance,,,,,,,,subject,Reading,,,,,,,,,,,,,
LA,25_KS2P_RWMHIG_WRIT_EFL_LA,RwmHigher_Writing_EFL_Cohort_LA_Current_Num,"Reading, writing and maths higher standard",RwmHigher,English first language,EFL,EES,0,0,KS2_Performance,Performance,,,,,,,,subject,Writing,,,,,,,,,,,,,
LA,25_KS2P_RWMHIG_MATH_EFL_LA,RwmHigher_Maths_EFL_Cohort_LA_Current_Num,"Reading, writing and maths higher standard",RwmHigher,English first language,EFL,EES,0,0,KS2_Performance,Performance,,,,,,,,subject,Maths,,,,,,,,,,,,,
LA,25_KS2P_RWMHIG_EAL_LA,RwmHigher_EAL_Cohort_LA_Current_Num,"Reading, writing and maths higher standard",RwmHigher,English as an additional language,EAL,EES,0,0,KS2_Performance,Performance,,,,,,,,,,,,,,,,,,,,,,
LA,25_KS2P_RWMHIG_READ_EAL_LA,RwmHigher_Reading_EAL_Cohort_LA_Current_Num,"Reading, writing and maths higher standard",RwmHigher,English as an additional language,EAL,EES,0,0,KS2_Performance,Performance,,,,,,,,subject,Reading,,,,,,,,,,,,,
LA,25_KS2P_RWMHIG_WRIT_EAL_LA,RwmHigher_Writing_EAL_Cohort_LA_Current_Num,"Reading, writing and maths higher standard",RwmHigher,English as an additional language,EAL,EES,0,0,KS2_Performance,Performance,,,,,,,,subject,Writing,,,,,,,,,,,,,
LA,25_KS2P_RWMHIG_MATH_EAL_LA,RwmHigher_Maths_EAL_Cohort_LA_Current_Num,"Reading, writing and maths higher standard",RwmHigher,English as an additional language,EAL,EES,0,0,KS2_Performance,Performance,,,,,,,,subject,Maths,,,,,,,,,,,,,
LA,25_KS2P_RWMHIG_NMO_LA,RwmHigher_NMo_Cohort_LA_Current_Num,"Reading, writing and maths higher standard",RwmHigher,Non-mobile,NMo,EES,0,0,KS2_Performance,Performance,,,,,,,,,,,,,,,,,,,,,,
LA,25_KS2P_RWMHIG_READ_NMO_LA,RwmHigher_Reading_NMo_Cohort_LA_Current_Num,"Reading, writing and maths higher standard",RwmHigher,Non-mobile,NMo,EES,0,0,KS2_Performance,Performance,,,,,,,,subject,Reading,,,,,,,,,,,,,
LA,25_KS2P_RWMHIG_WRIT_NMO_LA,RwmHigher_Writing_NMo_Cohort_LA_Current_Num,"Reading, writing and maths higher standard",RwmHigher,Non-mobile,NMo,EES,0,0,KS2_Performance,Performance,,,,,,,,subject,Writing,,,,,,,,,,,,,
LA,25_KS2P_RWMHIG_MATH_NMO_LA,RwmHigher_Maths_NMo_Cohort_LA_Current_Num,"Reading, writing and maths higher standard",RwmHigher,Non-mobile,NMo,EES,0,0,KS2_Performance,Performance,,,,,,,,subject,Maths,,,,,,,,,,,,,
LA,25_KS2P_RWMHIG_MOB_LA,RwmHigher_Mob_Cohort_LA_Current_Num,"Reading, writing and maths higher standard",RwmHigher,Mobile,Mob,EES,0,0,KS2_Performance,Performance,,,,,,,,,,,,,,,,,,,,,,
LA,25_KS2P_RWMHIG_READ_MOB_LA,RwmHigher_Reading_Mob_Cohort_LA_Current_Num,"Reading, writing and maths higher standard",RwmHigher,Mobile,Mob,EES,0,0,KS2_Performance,Performance,,,,,,,,subject,Reading,,,,,,,,,,,,,
LA,25_KS2P_RWMHIG_WRIT_MOB_LA,RwmHigher_Writing_Mob_Cohort_LA_Current_Num,"Reading, writing and maths higher standard",RwmHigher,Mobile,Mob,EES,0,0,KS2_Performance,Performance,,,,,,,,subject,Writing,,,,,,,,,,,,,
LA,25_KS2P_RWMHIG_MATH_MOB_LA,RwmHigher_Maths_Mob_Cohort_LA_Current_Num,"Reading, writing and maths higher standard",RwmHigher,Mobile,Mob,EES,0,0,KS2_Performance,Performance,,,,,,,,subject,Maths,,,,,,,,,,,,,
LA,25_KS2P_READSCA_TOT_LA,ReadingScaledScore_Tot_Cohort_LA_Current_Num,Reading scaled score,ReadingScaledScore,Total,Tot,EES,0,0,KS2_Performance,Performance,,,,,,,,,,,,,,,,,,,,,,
LA,25_KS2P_READSCA_BOY_LA,ReadingScaledScore_Boy_Cohort_LA_Current_Num,Reading scaled score,ReadingScaledScore,Boys,Boy,EES,0,0,KS2_Performance,Performance,,,,,,,,,,,,,,,,,,,,,,
LA,25_KS2P_READSCA_GRL_LA,ReadingScaledScore_Grl_Cohort_LA_Current_Num,Reading scaled score,ReadingScaledScore,Girls,Grl,EES,0,0,KS2_Performance,Performance,,,,,,,,,,,,,,,,,,,,,,
LA,25_KS2P_READSCA_DIS_LA,ReadingScaledScore_Dis_Cohort_LA_Current_Num,Reading scaled score,ReadingScaledScore,Disadvantaged,Dis,EES,0,0,KS2_Performance,Performance,,,,,,,,,,,,,,,,,,,,,,
LA,25_KS2P_READSCA_NDI_LA,ReadingScaledScore_NDi_Cohort_LA_Current_Num,Reading scaled score,ReadingScaledScore,Not disadvantaged,NDi,EES,0,0,KS2_Performance,Performance,,,,,,,,,,,,,,,,,,,,,,
LA,25_KS2P_READSCA_SENEHC_LA,ReadingScaledScore_SENEHC_Cohort_LA_Current_Num,Reading scaled score,ReadingScaledScore,SEN EHC,SENEHC,EES,0,0,KS2_Performance,Performance,,,,,,,,,,,,,,,,,,,,,,
LA,25_KS2P_READSCA_SENSUP_LA,ReadingScaledScore_SENSup_Cohort_LA_Current_Num,Reading scaled score,ReadingScaledScore,SEN support,SENSup,EES,0,0,KS2_Performance,Performance,,,,,,,,,,,,,,,,,,,,,,
LA,25_KS2P_READSCA_NOSEN_LA,ReadingScaledScore_NoSEN_Cohort_LA_Current_Num,Reading scaled score,ReadingScaledScore,No SEN,NoSEN,EES,0,0,KS2_Performance,Performance,,,,,,,,,,,,,,,,,,,,,,
LA,25_KS2P_READSCA_EFL_LA,ReadingScaledScore_EFL_Cohort_LA_Current_Num,Reading scaled score,ReadingScaledScore,English first language,EFL,EES,0,0,KS2_Performance,Performance,,,,,,,,,,,,,,,,,,,,,,
LA,25_KS2P_READSCA_EAL_LA,ReadingScaledScore_EAL_Cohort_LA_Current_Num,Reading scaled score,ReadingScaledScore,English as an additional language,EAL,EES,0,0,KS2_Performance,Performance,,,,,,,,,,,,,,,,,,,,,,
LA,25_KS2P_READSCA_NMO_LA,ReadingScaledScore_NMo_Cohort_LA_Current_Num,Reading scaled score,ReadingScaledScore,Non-mobile,NMo,EES,0,0,KS2_Performance,Performance,,,,,,,,,,,,,,,,,,,,,,
LA,25_KS2P_READSCA_MOB_LA,ReadingScaledScore_Mob_Cohort_LA_Current_Num,Reading scaled score,ReadingScaledScore,Mobile,Mob,EES,0,0,KS2_Performance,Performance,,,,,,,,,,,,,,,,,,,,,,
LA,25_KS2P_MATHSCA_TOT_LA,MathsScaledScore_Tot_Cohort_LA_Current_Num,Maths scaled score,MathsScaledScore,Total,Tot,EES,0,0,KS2_Performance,Performance,,,,,,,,,,,,,,,,,,,,,,
LA,25_KS2P_MATHSCA_BOY_LA,MathsScaledScore_Boy_Cohort_LA_Current_Num,Maths scaled score,MathsScaledScore,Boys,Boy,EES,0,0,KS2_Performance,Performance,,,,,,,,,,,,,,,,,,,,,,
LA,25_KS2P_MATHSCA_GRL_LA,MathsScaledScore_Grl_Cohort_LA_Current_Num,Maths scaled score,MathsScaledScore,Girls,Grl,EES,0,0,KS2_Performance,Performance,,,,,,,,,,,,,,,,,,,,,,
LA,25_KS2P_MATHSCA_DIS_LA,MathsScaledScore_Dis_Cohort_LA_Current_Num,Maths scaled score,MathsScaledScore,Disadvantaged,Dis,EES,0,0,KS2_Performance,Performance,,,,,,,,,,,,,,,,,,,,,,
LA,25_KS2P_MATHSCA_NDI_LA,MathsScaledScore_NDi_Cohort_LA_Current_Num,Maths scaled score,MathsScaledScore,Not disadvantaged,NDi,EES,0,0,KS2_Performance,Performance,,,,,,,,,,,,,,,,,,,,,,
LA,25_KS2P_MATHSCA_SENEHC_LA,MathsScaledScore_SENEHC_Cohort_LA_Current_Num,Maths scaled score,MathsScaledScore,SEN EHC,SENEHC,EES,0,0,KS2_Performance,Performance,,,,,,,,,,,,,,,,,,,,,,
LA,25_KS2P_MATHSCA_SENSUP_LA,MathsScaledScore_SENSup_Cohort_LA_Current_Num,Maths scaled score,MathsScaledScore,SEN support,SENSup,EES,0,0,KS2_Performance,Performance,,,,,,,,,,,,,,,,,,,,,,
LA,25_KS2P_MATHSCA_NOSEN_LA,MathsScaledScore_NoSEN_Cohort_LA_Current_Num,Maths scaled score,MathsScaledScore,No SEN,NoSEN,EES,0,0,KS2_Performance,Performance,,,,,,,,,,,,,,,,,,,,,,
LA,25_KS2P_MATHSCA_EFL_LA,MathsScaledScore_EFL_Cohort_LA_Current_Num,Maths scaled score,MathsScaledScore,English first language,EFL,EES,0,0,KS2_Performance,Performance,,,,,,,,,,,,,,,,,,,,,,
LA,25_KS2P_MATHSCA_EAL_LA,MathsScaledScore_EAL_Cohort_LA_Current_Num,Maths scaled score,MathsScaledScore,English as an additional language,EAL,EES,0,0,KS2_Performance,Performance,,,,,,,,,,,,,,,,,,,,,,
LA,25_KS2P_MATHSCA_NMO_LA,MathsScaledScore_NMo_Cohort_LA_Current_Num,Maths scaled score,MathsScaledScore,Non-mobile,NMo,EES,0,0,KS2_Performance,Performance,,,,,,,,,,,,,,,,,,,,,,
LA,25_KS2P_MATHSCA_MOB_LA,MathsScaledScore_Mob_Cohort_LA_Current_Num,Maths scaled score,MathsScaledScore,Mobile,Mob,EES,0,0,KS2_Performance,Performance,,,,,,,,,,,,,,,,,,,,,,
LA,25_KS2P_GPSEXP_TOT_LA,GpsExpected_Tot_Cohort_LA_Current_Num,"Grammar, punctuation and spelling expected standard",GpsExpected,Total,Tot,EES,0,0,KS2_Performance,Performance,,,,,,,,,,,,,,,,,,,,,,
LA,25_KS2P_GPSEXP_BOY_LA,GpsExpected_Boy_Cohort_LA_Current_Num,"Grammar, punctuation and spelling expected standard",GpsExpected,Boys,Boy,EES,0,0,KS2_Performance,Performance,,,,,,,,,,,,,,,,,,,,,,
LA,25_KS2P_GPSEXP_GRL_LA,GpsExpected_Grl_Cohort_LA_Current_Num,"Grammar, punctuation and spelling expected standard",GpsExpected,Girls,Grl,EES,0,0,KS2_Performance,Performance,,,,,,,,,,,,,,,,,,,,,,
LA,25_KS2P_GPSEXP_DIS_LA,GpsExpected_Dis_Cohort_LA_Current_Num,"Grammar, punctuation and spelling expected standard",GpsExpected,Disadvantaged,Dis,EES,0,0,KS2_Performance,Performance,,,,,,,,,,,,,,,,,,,,,,
LA,25_KS2P_GPSEXP_NDI_LA,GpsExpected_NDi_Cohort_LA_Current_Num,"Grammar, punctuation and spelling expected standard",GpsExpected,Not disadvantaged,NDi,EES,0,0,KS2_Performance,Performance,,,,,,,,,,,,,,,,,,,,,,
LA,25_KS2P_GPSEXP_SENEHC_LA,GpsExpected_SENEHC_Cohort_LA_Current_Num,"Grammar, punctuation and spelling expected standard",GpsExpected,SEN EHC,SENEHC,EES,0,0,KS2_Performance,Performance,,,,,,,,,,,,,,,,,,,,,,
LA,25_KS2P_GPSEXP_SENSUP_LA,GpsExpected_SENSup_Cohort_LA_Current_Num,"Grammar, punctuation and spelling expected standard",GpsExpected,SEN support,SENSup,EES,0,0,KS2_Performance,Performance,,,,,,,,,,,,,,,,,,,,,,
LA,25_KS2P_GPSEXP_NOSEN_LA,GpsExpected_NoSEN_Cohort_LA_Current_Num,"Grammar, punctuation and spelling expected standard",GpsExpected,No SEN,NoSEN,EES,0,0,KS2_Performance,Performance,,,,,,,,,,,,,,,,,,,,,,
LA,25_KS2P_GPSEXP_EFL_LA,GpsExpected_EFL_Cohort_LA_Current_Num,"Grammar, punctuation and spelling expected standard",GpsExpected,English first language,EFL,EES,0,0,KS2_Performance,Performance,,,,,,,,,,,,,,,,,,,,,,
LA,25_KS2P_GPSEXP_EAL_LA,GpsExpected_EAL_Cohort_LA_Current_Num,"Grammar, punctuation and spelling expected standard",GpsExpected,English as an additional language,EAL,EES,0,0,KS2_Performance,Performance,,,,,,,,,,,,,,,,,,,,,,
LA,25_KS2P_GPSEXP_NMO_LA,GpsExpected_NMo_Cohort_LA_Current_Num,"Grammar, punctuation and spelling expected standard",GpsExpected,Non-mobile,NMo,EES,0,0,KS2_Performance,Performance,,,,,,,,,,,,,,,,,,,,,,
LA,25_KS2P_GPSEXP_MOB_LA,GpsExpected_Mob_Cohort_LA_Current_Num,"Grammar, punctuation and spelling expected standard",GpsExpected,Mobile,Mob,EES,0,0,KS2_Performance,Performance,,,,,,,,,,,,,,,,,,,,,,
LA,25_KS2P_GPSHIG_TOT_LA,GpsHigher_Tot_Cohort_LA_Current_Num,"Grammar, punctuation and spelling higher standard",GpsHigher,Total,Tot,EES,0,0,KS2_Performance,Performance,,,,,,,,,,,,,,,,,,,,,,
LA,25_KS2P_GPSHIG_BOY_LA,GpsHigher_Boy_Cohort_LA_Current_Num,"Grammar, punctuation and spelling higher standard",GpsHigher,Boys,Boy,EES,0,0,KS2_Performance,Performance,,,,,,,,,,,,,,,,,,,,,,
LA,25_KS2P_GPSHIG_GRL_LA,GpsHigher_Grl_Cohort_LA_Current_Num,"Grammar, punctuation and spelling higher standard",GpsHigher,Girls,Grl,EES,0,0,KS2_Performance,Performance,,,,,,,,,,,,,,,,,,,,,,
LA,25_KS2P_GPSHIG_DIS_LA,GpsHigher_Dis_Cohort_LA_Current_Num,"Grammar, punctuation and spelling higher standard",GpsHigher,Disadvantaged,Dis,EES,0,0,KS2_Performance,Performance,,,,,,,,,,,,,,,,,,,,,,
LA,25_KS2P_GPSHIG_NDI_LA,GpsHigher_NDi_Cohort_LA_Current_Num,"Grammar, punctuation and spelling higher standard",GpsHigher,Not disadvantaged,NDi,EES,0,0,KS2_Performance,Performance,,,,,,,,,,,,,,,,,,,,,,
LA,25_KS2P_GPSHIG_SENEHC_LA,GpsHigher_SENEHC_Cohort_LA_Current_Num,"Grammar, punctuation and spelling higher standard",GpsHigher,SEN EHC,SENEHC,EES,0,0,KS2_Performance,Performance,,,,,,,,,,,,,,,,,,,,,,
LA,25_KS2P_GPSHIG_SENSUP_LA,GpsHigher_SENSup_Cohort_LA_Current_Num,"Grammar, punctuation and spelling higher standard",GpsHigher,SEN support,SENSup,EES,0,0,KS2_Performance,Performance,,,,,,,,,,,,,,,,,,,,,,
LA,25_KS2P_GPSHIG_NOSEN_LA,GpsHigher_NoSEN_Cohort_LA_Current_Num,"Grammar, punctuation and spelling higher standard",GpsHigher,No SEN,NoSEN,EES,0,0,KS2_Performance,Performance,,,,,,,,,,,,,,,,,,,,,,
LA,25_KS2P_GPSHIG_EFL_LA,GpsHigher_EFL_Cohort_LA_Current_Num,"Grammar, punctuation and spelling higher standard",GpsHigher,English first language,EFL,EES,0,0,KS2_Performance,Performance,,,,,,,,,,,,,,,,,,,,,,
LA,25_KS2P_GPSHIG_EAL_LA,GpsHigher_EAL_Cohort_LA_Current_Num,"Grammar, punctuation and spelling higher standard",GpsHigher,English as an additional language,EAL,EES,0,0,KS2_Performance,Performance,,,,,,,,,,,,,,,,,,,,,,
LA,25_KS2P_GPSHIG_NMO_LA,GpsHigher_NMo_Cohort_LA_Current_Num,"Grammar, punctuation and spelling higher standard",GpsHigher,Non-mobile,NMo,EES,0,0,KS2_Performance,Performance,,,,,,,,,,,,,,,,,,,,,,
LA,25_KS2P_GPSHIG_MOB_LA,GpsHigher_Mob_Cohort_LA_Current_Num,"Grammar, punctuation and spelling higher standard",GpsHigher,Mobile,Mob,EES,0,0,KS2_Performance,Performance,,,,,,,,,,,,,,,,,,,,,,
LA,24_KS2P_RWMEXP_TOT_LA,RwmExpected_Tot_Cohort_LA_Previous_Num,"Reading, writing and maths expected standard",RwmExpected,Total,Tot,EES,0,0,KS2_Performance,Performance,,,,,,,,,,,,,,,,,,,,,,
LA,24_KS2P_RWMEXP_READ_TOT_LA,RwmExpected_Reading_Tot_Cohort_LA_Previous_Num,"Reading, writing and maths expected standard",RwmExpected,Total,Tot,EES,0,0,KS2_Performance,Performance,,,,,,,,subject,Reading,,,,,,,,,,,,,
LA,24_KS2P_RWMEXP_WRIT_TOT_LA,RwmExpected_Writing_Tot_Cohort_LA_Previous_Num,"Reading, writing and maths expected standard",RwmExpected,Total,Tot,EES,0,0,KS2_Performance,Performance,,,,,,,,subject,Writing,,,,,,,,,,,,,
LA,24_KS2P_RWMEXP_MATH_TOT_LA,RwmExpected_Maths_Tot_Cohort_LA_Previous_Num,"Reading, writing and maths expected standard",RwmExpected,Total,Tot,EES,0,0,KS2_Performance,Performance,,,,,,,,subject,Maths,,,,,,,,,,,,,
LA,24_KS2P_RWMEXP_BOY_LA,RwmExpected_Boy_Cohort_LA_Previous_Num,"Reading, writing and maths expected standard",RwmExpected,Boys,Boy,EES,0,0,KS2_Performance,Performance,,,,,,,,,,,,,,,,,,,,,,
LA,24_KS2P_RWMEXP_READ_BOY_LA,RwmExpected_Reading_Boy_Cohort_LA_Previous_Num,"Reading, writing and maths expected standard",RwmExpected,Boys,Boy,EES,0,0,KS2_Performance,Performance,,,,,,,,subject,Reading,,,,,,,,,,,,,
LA,24_KS2P_RWMEXP_WRIT_BOY_LA,RwmExpected_Writing_Boy_Cohort_LA_Previous_Num,"Reading, writing and maths expected standard",RwmExpected,Boys,Boy,EES,0,0,KS2_Performance,Performance,,,,,,,,subject,Writing,,,,,,,,,,,,,
LA,24_KS2P_RWMEXP_MATH_BOY_LA,RwmExpected_Maths_Boy_Cohort_LA_Previous_Num,"Reading, writing and maths expected standard",RwmExpected,Boys,Boy,EES,0,0,KS2_Performance,Performance,,,,,,,,subject,Maths,,,,,,,,,,,,,
LA,24_KS2P_RWMEXP_GRL_LA,RwmExpected_Grl_Cohort_LA_Previous_Num,"Reading, writing and maths expected standard",RwmExpected,Girls,Grl,EES,0,0,KS2_Performance,Performance,,,,,,,,,,,,,,,,,,,,,,
LA,24_KS2P_RWMEXP_READ_GRL_LA,RwmExpected_Reading_Grl_Cohort_LA_Previous_Num,"Reading, writing and maths expected standard",RwmExpected,Girls,Grl,EES,0,0,KS2_Performance,Performance,,,,,,,,subject,Reading,,,,,,,,,,,,,
LA,24_KS2P_RWMEXP_WRIT_GRL_LA,RwmExpected_Writing_Grl_Cohort_LA_Previous_Num,"Reading, writing and maths expected standard",RwmExpected,Girls,Grl,EES,0,0,KS2_Performance,Performance,,,,,,,,subject,Writing,,,,,,,,,,,,,
LA,24_KS2P_RWMEXP_MATH_GRL_LA,RwmExpected_Maths_Grl_Cohort_LA_Previous_Num,"Reading, writing and maths expected standard",RwmExpected,Girls,Grl,EES,0,0,KS2_Performance,Performance,,,,,,,,subject,Maths,,,,,,,,,,,,,
LA,24_KS2P_RWMEXP_DIS_LA,RwmExpected_Dis_Cohort_LA_Previous_Num,"Reading, writing and maths expected standard",RwmExpected,Disadvantaged,Dis,EES,0,0,KS2_Performance,Performance,,,,,,,,,,,,,,,,,,,,,,
LA,24_KS2P_RWMEXP_READ_DIS_LA,RwmExpected_Reading_Dis_Cohort_LA_Previous_Num,"Reading, writing and maths expected standard",RwmExpected,Disadvantaged,Dis,EES,0,0,KS2_Performance,Performance,,,,,,,,subject,Reading,,,,,,,,,,,,,
LA,24_KS2P_RWMEXP_WRIT_DIS_LA,RwmExpected_Writing_Dis_Cohort_LA_Previous_Num,"Reading, writing and maths expected standard",RwmExpected,Disadvantaged,Dis,EES,0,0,KS2_Performance,Performance,,,,,,,,subject,Writing,,,,,,,,,,,,,
LA,24_KS2P_RWMEXP_MATH_DIS_LA,RwmExpected_Maths_Dis_Cohort_LA_Previous_Num,"Reading, writing and maths expected standard",RwmExpected,Disadvantaged,Dis,EES,0,0,KS2_Performance,Performance,,,,,,,,subject,Maths,,,,,,,,,,,,,
LA,24_KS2P_RWMEXP_NDI_LA,RwmExpected_NDi_Cohort_LA_Previous_Num,"Reading, writing and maths expected standard",RwmExpected,Not disadvantaged,NDi,EES,0,0,KS2_Performance,Performance,,,,,,,,,,,,,,,,,,,,,,
LA,24_KS2P_RWMEXP_READ_NDI_LA,RwmExpected_Reading_NDi_Cohort_LA_Previous_Num,"Reading, writing and maths expected standard",RwmExpected,Not disadvantaged,NDi,EES,0,0,KS2_Performance,Performance,,,,,,,,subject,Reading,,,,,,,,,,,,,
LA,24_KS2P_RWMEXP_WRIT_NDI_LA,RwmExpected_Writing_NDi_Cohort_LA_Previous_Num,"Reading, writing and maths expected standard",RwmExpected,Not disadvantaged,NDi,EES,0,0,KS2_Performance,Performance,,,,,,,,subject,Writing,,,,,,,,,,,,,
LA,24_KS2P_RWMEXP_MATH_NDI_LA,RwmExpected_Maths_NDi_Cohort_LA_Previous_Num,"Reading, writing and maths expected standard",RwmExpected,Not disadvantaged,NDi,EES,0,0,KS2_Performance,Performance,,,,,,,,subject,Maths,,,,,,,,,,,,,
LA,24_KS2P_RWMEXP_SENEHC_LA,RwmExpected_SENEHC_Cohort_LA_Previous_Num,"Reading, writing and maths expected standard",RwmExpected,SEN EHC,SENEHC,EES,0,0,KS2_Performance,Performance,,,,,,,,,,,,,,,,,,,,,,
LA,24_KS2P_RWMEXP_READ_SENEHC_LA,RwmExpected_Reading_SENEHC_Cohort_LA_Previous_Num,"Reading, writing and maths expected standard",RwmExpected,SEN EHC,SENEHC,EES,0,0,KS2_Performance,Performance,,,,,,,,subject,Reading,,,,,,,,,,,,,
LA,24_KS2P_RWMEXP_WRIT_SENEHC_LA,RwmExpected_Writing_SENEHC_Cohort_LA_Previous_Num,"Reading, writing and maths expected standard",RwmExpected,SEN EHC,SENEHC,EES,0,0,KS2_Performance,Performance,,,,,,,,subject,Writing,,,,,,,,,,,,,
LA,24_KS2P_RWMEXP_MATH_SENEHC_LA,RwmExpected_Maths_SENEHC_Cohort_LA_Previous_Num,"Reading, writing and maths expected standard",RwmExpected,SEN EHC,SENEHC,EES,0,0,KS2_Performance,Performance,,,,,,,,subject,Maths,,,,,,,,,,,,,
LA,24_KS2P_RWMEXP_SENSUP_LA,RwmExpected_SENSup_Cohort_LA_Previous_Num,"Reading, writing and maths expected standard",RwmExpected,SEN support,SENSup,EES,0,0,KS2_Performance,Performance,,,,,,,,,,,,,,,,,,,,,,
LA,24_KS2P_RWMEXP_READ_SENSUP_LA,RwmExpected_Reading_SENSup_Cohort_LA_Previous_Num,"Reading, writing and maths expected standard",RwmExpected,SEN support,SENSup,EES,0,0,KS2_Performance,Performance,,,,,,,,subject,Reading,,,,,,,,,,,,,
LA,24_KS2P_RWMEXP_WRIT_SENSUP_LA,RwmExpected_Writing_SENSup_Cohort_LA_Previous_Num,"Reading, writing and maths expected standard",RwmExpected,SEN support,SENSup,EES,0,0,KS2_Performance,Performance,,,,,,,,subject,Writing,,,,,,,,,,,,,
LA,24_KS2P_RWMEXP_MATH_SENSUP_LA,RwmExpected_Maths_SENSup_Cohort_LA_Previous_Num,"Reading, writing and maths expected standard",RwmExpected,SEN support,SENSup,EES,0,0,KS2_Performance,Performance,,,,,,,,subject,Maths,,,,,,,,,,,,,
LA,24_KS2P_RWMEXP_NOSEN_LA,RwmExpected_NoSEN_Cohort_LA_Previous_Num,"Reading, writing and maths expected standard",RwmExpected,No SEN,NoSEN,EES,0,0,KS2_Performance,Performance,,,,,,,,,,,,,,,,,,,,,,
LA,24_KS2P_RWMEXP_READ_NOSEN_LA,RwmExpected_Reading_NoSEN_Cohort_LA_Previous_Num,"Reading, writing and maths expected standard",RwmExpected,No SEN,NoSEN,EES,0,0,KS2_Performance,Performance,,,,,,,,subject,Reading,,,,,,,,,,,,,
LA,24_KS2P_RWMEXP_WRIT_NOSEN_LA,RwmExpected_Writing_NoSEN_Cohort_LA_Previous_Num,"Reading, writing and maths expected standard",RwmExpected,No SEN,NoSEN,EES,0,0,KS2_Performance,Performance,,,,,,,,subject,Writing,,,,,,,,,,,,,
LA,24_KS2P_RWMEXP_MATH_NOSEN_LA,RwmExpected_Maths_NoSEN_Cohort_LA_Previous_Num,"Reading, writing and maths expected standard",RwmExpected,No SEN,NoSEN,EES,0,0,KS2_Performance,Performance,,,,,,,,subject,Maths,,,,,,,,,,,,,
LA,24_KS2P_RWMEXP_EFL_LA,RwmExpected_EFL_Cohort_LA_Previous_Num,"Reading, writing and maths expected standard",RwmExpected,English first language,EFL,EES,0,0,KS2_Performance,Performance,,,,,,,,,,,,,,,,,,,,,,
LA,24_KS2P_RWMEXP_READ_EFL_LA,RwmExpected_Reading_EFL_Cohort_LA_Previous_Num,"Reading, writing and maths expected standard",RwmExpected,English first language,EFL,EES,0,0,KS2_Performance,Performance,,,,,,,,subject,Reading,,,,,,,,,,,,,
LA,24_KS2P_RWMEXP_WRIT_EFL_LA,RwmExpected_Writing_EFL_Cohort_LA_Previous_Num,"Reading, writing and maths expected standard",RwmExpected,English first language,EFL,EES,0,0,KS2_Performance,Performance,,,,,,,,subject,Writing,,,,,,,,,,,,,
LA,24_KS2P_RWMEXP_MATH_EFL_LA,RwmExpected_Maths_EFL_Cohort_LA_Previous_Num,"Reading, writing and maths expected standard",RwmExpected,English first language,EFL,EES,0,0,KS2_Performance,Performance,,,,,,,,subject,Maths,,,,,,,,,,,,,
LA,24_KS2P_RWMEXP_EAL_LA,RwmExpected_EAL_Cohort_LA_Previous_Num,"Reading, writing and maths expected standard",RwmExpected,English as an additional language,EAL,EES,0,0,KS2_Performance,Performance,,,,,,,,,,,,,,,,,,,,,,
LA,24_KS2P_RWMEXP_READ_EAL_LA,RwmExpected_Reading_EAL_Cohort_LA_Previous_Num,"Reading, writing and maths expected standard",RwmExpected,English as an additional language,EAL,EES,0,0,KS2_Performance,Performance,,,,,,,,subject,Reading,,,,,,,,,,,,,
LA,24_KS2P_RWMEXP_WRIT_EAL_LA,RwmExpected_Writing_EAL_Cohort_LA_Previous_Num,"Reading, writing and maths expected standard",RwmExpected,English as an additional language,EAL,EES,0,0,KS2_Performance,Performance,,,,,,,,subject,Writing,,,,,,,,,,,,,
LA,24_KS2P_RWMEXP_MATH_EAL_LA,RwmExpected_Maths_EAL_Cohort_LA_Previous_Num,"Reading, writing and maths expected standard",RwmExpected,English as an additional language,EAL,EES,0,0,KS2_Performance,Performance,,,,,,,,subject,Maths,,,,,,,,,,,,,
LA,24_KS2P_RWMEXP_NMO_LA,RwmExpected_NMo_Cohort_LA_Previous_Num,"Reading, writing and maths expected standard",RwmExpected,Non-mobile,NMo,EES,0,0,KS2_Performance,Performance,,,,,,,,,,,,,,,,,,,,,,
LA,24_KS2P_RWMEXP_READ_NMO_LA,RwmExpected_Reading_NMo_Cohort_LA_Previous_Num,"Reading, writing and maths expected standard",RwmExpected,Non-mobile,NMo,EES,0,0,KS2_Performance,Performance,,,,,,,,subject,Reading,,,,,,,,,,,,,
LA,24_KS2P_RWMEXP_WRIT_NMO_LA,RwmExpected_Writing_NMo_Cohort_LA_Previous_Num,"Reading, writing and maths expected standard",RwmExpected,Non-mobile,NMo,EES,0,0,KS2_Performance,Performance,,,,,,,,subject,Writing,,,,,,,,,,,,,
LA,24_KS2P_RWMEXP_MATH_NMO_LA,RwmExpected_Maths_NMo_Cohort_LA_Previous_Num,"Reading, writing and maths expected standard",RwmExpected,Non-mobile,NMo,EES,0,0,KS2_Performance,Performance,,,,,,,,subject,Maths,,,,,,,,,,,,,
LA,24_KS2P_RWMEXP_MOB_LA,RwmExpected_Mob_Cohort_LA_Previous_Num,"Reading, writing and maths expected standard",RwmExpected,Mobile,Mob,EES,0,0,KS2_Performance,Performance,,,,,,,,,,,,,,,,,,,,,,
LA,24_KS2P_RWMEXP_READ_MOB_LA,RwmExpected_Reading_Mob_Cohort_LA_Previous_Num,"Reading, writing and maths expected standard",RwmExpected,Mobile,Mob,EES,0,0,KS2_Performance,Performance,,,,,,,,subject,Reading,,,,,,,,,,,,,
LA,24_KS2P_RWMEXP_WRIT_MOB_LA,RwmExpected_Writing_Mob_Cohort_LA_Previous_Num,"Reading, writing and maths expected standard",RwmExpected,Mobile,Mob,EES,0,0,KS2_Performance,Performance,,,,,,,,subject,Writing,,,,,,,,,,,,,
LA,24_KS2P_RWMEXP_MATH_MOB_LA,RwmExpected_Maths_Mob_Cohort_LA_Previous_Num,"Reading, writing and maths expected standard",RwmExpected,Mobile,Mob,EES,0,0,KS2_Performance,Performance,,,,,,,,subject,Maths,,,,,,,,,,,,,
LA,24_KS2P_RWMHIG_TOT_LA,RwmHigher_Tot_Cohort_LA_Previous_Num,"Reading, writing and maths higher standard",RwmHigher,Total,Tot,EES,0,0,KS2_Performance,Performance,,,,,,,,,,,,,,,,,,,,,,
LA,24_KS2P_RWMHIG_READ_TOT_LA,RwmHigher_Reading_Tot_Cohort_LA_Previous_Num,"Reading, writing and maths higher standard",RwmHigher,Total,Tot,EES,0,0,KS2_Performance,Performance,,,,,,,,subject,Reading,,,,,,,,,,,,,
LA,24_KS2P_RWMHIG_WRIT_TOT_LA,RwmHigher_Writing_Tot_Cohort_LA_Previous_Num,"Reading, writing and maths higher standard",RwmHigher,Total,Tot,EES,0,0,KS2_Performance,Performance,,,,,,,,subject,Writing,,,,,,,,,,,,,
LA,24_KS2P_RWMHIG_MATH_TOT_LA,RwmHigher_Maths_Tot_Cohort_LA_Previous_Num,"Reading, writing and maths higher standard",RwmHigher,Total,Tot,EES,0,0,KS2_Performance,Performance,,,,,,,,subject,Maths,,,,,,,,,,,,,
LA,24_KS2P_RWMHIG_BOY_LA,RwmHigher_Boy_Cohort_LA_Previous_Num,"Reading, writing and maths higher standard",RwmHigher,Boys,Boy,EES,0,0,KS2_Performance,Performance,,,,,,,,,,,,,,,,,,,,,,
LA,24_KS2P_RWMHIG_READ_BOY_LA,RwmHigher_Reading_Boy_Cohort_LA_Previous_Num,"Reading, writing and maths higher standard",RwmHigher,Boys,Boy,EES,0,0,KS2_Performance,Performance,,,,,,,,subject,Reading,,,,,,,,,,,,,
LA,24_KS2P_RWMHIG_WRIT_BOY_LA,RwmHigher_Writing_Boy_Cohort_LA_Previous_Num,"Reading, writing and maths higher standard",RwmHigher,Boys,Boy,EES,0,0,KS2_Performance,Performance,,,,,,,,subject,Writing,,,,,,,,,,,,,
LA,24_KS2P_RWMHIG_MATH_BOY_LA,RwmHigher_Maths_Boy_Cohort_LA_Previous_Num,"Reading, writing and maths higher standard",RwmHigher,Boys,Boy,EES,0,0,KS2_Performance,Performance,,,,,,,,subject,Maths,,,,,,,,,,,,,
LA,24_KS2P_RWMHIG_GRL_LA,RwmHigher_Grl_Cohort_LA_Previous_Num,"Reading, writing and maths higher standard",RwmHigher,Girls,Grl,EES,0,0,KS2_Performance,Performance,,,,,,,,,,,,,,,,,,,,,,
LA,24_KS2P_RWMHIG_READ_GRL_LA,RwmHigher_Reading_Grl_Cohort_LA_Previous_Num,"Reading, writing and maths higher standard",RwmHigher,Girls,Grl,EES,0,0,KS2_Performance,Performance,,,,,,,,subject,Reading,,,,,,,,,,,,,
LA,24_KS2P_RWMHIG_WRIT_GRL_LA,RwmHigher_Writing_Grl_Cohort_LA_Previous_Num,"Reading, writing and maths higher standard",RwmHigher,Girls,Grl,EES,0,0,KS2_Performance,Performance,,,,,,,,subject,Writing,,,,,,,,,,,,,
LA,24_KS2P_RWMHIG_MATH_GRL_LA,RwmHigher_Maths_Grl_Cohort_LA_Previous_Num,"Reading, writing and maths higher standard",RwmHigher,Girls,Grl,EES,0,0,KS2_Performance,Performance,,,,,,,,subject,Maths,,,,,,,,,,,,,
LA,24_KS2P_RWMHIG_DIS_LA,RwmHigher_Dis_Cohort_LA_Previous_Num,"Reading, writing and maths higher standard",RwmHigher,Disadvantaged,Dis,EES,0,0,KS2_Performance,Performance,,,,,,,,,,,,,,,,,,,,,,
LA,24_KS2P_RWMHIG_READ_DIS_LA,RwmHigher_Reading_Dis_Cohort_LA_Previous_Num,"Reading, writing and maths higher standard",RwmHigher,Disadvantaged,Dis,EES,0,0,KS2_Performance,Performance,,,,,,,,subject,Reading,,,,,,,,,,,,,
LA,24_KS2P_RWMHIG_WRIT_DIS_LA,RwmHigher_Writing_Dis_Cohort_LA_Previous_Num,"Reading, writing and maths higher standard",RwmHigher,Disadvantaged,Dis,EES,0,0,KS2_Performance,Performance,,,,,,,,subject,Writing,,,,,,,,,,,,,
LA,24_KS2P_RWMHIG_MATH_DIS_LA,RwmHigher_Maths_Dis_Cohort_LA_Previous_Num,"Reading, writing and maths higher standard",RwmHigher,Disadvantaged,Dis,EES,0,0,KS2_Performance,Performance,,,,,,,,subject,Maths,,,,,,,,,,,,,
LA,24_KS2P_RWMHIG_NDI_LA,RwmHigher_NDi_Cohort_LA_Previous_Num,"Reading, writing and maths higher standard",RwmHigher,Not disadvantaged,NDi,EES,0,0,KS2_Performance,Performance,,,,,,,,,,,,,,,,,,,,,,
LA,24_KS2P_RWMHIG_READ_NDI_LA,RwmHigher_Reading_NDi_Cohort_LA_Previous_Num,"Reading, writing and maths higher standard",RwmHigher,Not disadvantaged,NDi,EES,0,0,KS2_Performance,Performance,,,,,,,,subject,Reading,,,,,,,,,,,,,
LA,24_KS2P_RWMHIG_WRIT_NDI_LA,RwmHigher_Writing_NDi_Cohort_LA_Previous_Num,"Reading, writing and maths higher standard",RwmHigher,Not disadvantaged,NDi,EES,0,0,KS2_Performance,Performance,,,,,,,,subject,Writing,,,,,,,,,,,,,
LA,24_KS2P_RWMHIG_MATH_NDI_LA,RwmHigher_Maths_NDi_Cohort_LA_Previous_Num,"Reading, writing and maths higher standard",RwmHigher,Not disadvantaged,NDi,EES,0,0,KS2_Performance,Performance,,,,,,,,subject,Maths,,,,,,,,,,,,,
LA,24_KS2P_RWMHIG_SENEHC_LA,RwmHigher_SENEHC_Cohort_LA_Previous_Num,"Reading, writing and maths higher standard",RwmHigher,SEN EHC,SENEHC,EES,0,0,KS2_Performance,Performance,,,,,,,,,,,,,,,,,,,,,,
LA,24_KS2P_RWMHIG_READ_SENEHC_LA,RwmHigher_Reading_SENEHC_Cohort_LA_Previous_Num,"Reading, writing and maths higher standard",RwmHigher,SEN EHC,SENEHC,EES,0,0,KS2_Performance,Performance,,,,,,,,subject,Reading,,,,,,,,,,,,,
LA,24_KS2P_RWMHIG_WRIT_SENEHC_LA,RwmHigher_Writing_SENEHC_Cohort_LA_Previous_Num,"Reading, writing and maths higher standard",RwmHigher,SEN EHC,SENEHC,EES,0,0,KS2_Performance,Performance,,,,,,,,subject,Writing,,,,,,,,,,,,,
LA,24_KS2P_RWMHIG_MATH_SENEHC_LA,RwmHigher_Maths_SENEHC_Cohort_LA_Previous_Num,"Reading, writing and maths higher standard",RwmHigher,SEN EHC,SENEHC,EES,0,0,KS2_Performance,Performance,,,,,,,,subject,Maths,,,,,,,,,,,,,
LA,24_KS2P_RWMHIG_SENSUP_LA,RwmHigher_SENSup_Cohort_LA_Previous_Num,"Reading, writing and maths higher standard",RwmHigher,SEN support,SENSup,EES,0,0,KS2_Performance,Performance,,,,,,,,,,,,,,,,,,,,,,
LA,24_KS2P_RWMHIG_READ_SENSUP_LA,RwmHigher_Reading_SENSup_Cohort_LA_Previous_Num,"Reading, writing and maths higher standard",RwmHigher,SEN support,SENSup,EES,0,0,KS2_Performance,Performance,,,,,,,,subject,Reading,,,,,,,,,,,,,
LA,24_KS2P_RWMHIG_WRIT_SENSUP_LA,RwmHigher_Writing_SENSup_Cohort_LA_Previous_Num,"Reading, writing and maths higher standard",RwmHigher,SEN support,SENSup,EES,0,0,KS2_Performance,Performance,,,,,,,,subject,Writing,,,,,,,,,,,,,
LA,24_KS2P_RWMHIG_MATH_SENSUP_LA,RwmHigher_Maths_SENSup_Cohort_LA_Previous_Num,"Reading, writing and maths higher standard",RwmHigher,SEN support,SENSup,EES,0,0,KS2_Performance,Performance,,,,,,,,subject,Maths,,,,,,,,,,,,,
LA,24_KS2P_RWMHIG_NOSEN_LA,RwmHigher_NoSEN_Cohort_LA_Previous_Num,"Reading, writing and maths higher standard",RwmHigher,No SEN,NoSEN,EES,0,0,KS2_Performance,Performance,,,,,,,,,,,,,,,,,,,,,,
LA,24_KS2P_RWMHIG_READ_NOSEN_LA,RwmHigher_Reading_NoSEN_Cohort_LA_Previous_Num,"Reading, writing and maths higher standard",RwmHigher,No SEN,NoSEN,EES,0,0,KS2_Performance,Performance,,,,,,,,subject,Reading,,,,,,,,,,,,,
LA,24_KS2P_RWMHIG_WRIT_NOSEN_LA,RwmHigher_Writing_NoSEN_Cohort_LA_Previous_Num,"Reading, writing and maths higher standard",RwmHigher,No SEN,NoSEN,EES,0,0,KS2_Performance,Performance,,,,,,,,subject,Writing,,,,,,,,,,,,,
LA,24_KS2P_RWMHIG_MATH_NOSEN_LA,RwmHigher_Maths_NoSEN_Cohort_LA_Previous_Num,"Reading, writing and maths higher standard",RwmHigher,No SEN,NoSEN,EES,0,0,KS2_Performance,Performance,,,,,,,,subject,Maths,,,,,,,,,,,,,
LA,24_KS2P_RWMHIG_EFL_LA,RwmHigher_EFL_Cohort_LA_Previous_Num,"Reading, writing and maths higher standard",RwmHigher,English first language,EFL,EES,0,0,KS2_Performance,Performance,,,,,,,,,,,,,,,,,,,,,,
LA,24_KS2P_RWMHIG_READ_EFL_LA,RwmHigher_Reading_EFL_Cohort_LA_Previous_Num,"Reading, writing and maths higher standard",RwmHigher,English first language,EFL,EES,0,0,KS2_Performance,Performance,,,,,,,,subject,Reading,,,,,,,,,,,,,
LA,24_KS2P_RWMHIG_WRIT_EFL_LA,RwmHigher_Writing_EFL_Cohort_LA_Previous_Num,"Reading, writing and maths higher standard",RwmHigher,English first language,EFL,EES,0,0,KS2_Performance,Performance,,,,,,,,subject,Writing,,,,,,,,,,,,,
LA,24_KS2P_RWMHIG_MATH_EFL_LA,RwmHigher_Maths_EFL_Cohort_LA_Previous_Num,"Reading, writing and maths higher standard",RwmHigher,English first language,EFL,EES,0,0,KS2_Performance,Performance,,,,,,,,subject,Maths,,,,,,,,,,,,,
LA,24_KS2P_RWMHIG_EAL_LA,RwmHigher_EAL_Cohort_LA_Previous_Num,"Reading, writing and maths higher standard",RwmHigher,English as an additional language,EAL,EES,0,0,KS2_Performance,Performance,,,,,,,,,,,,,,,,,,,,,,
LA,24_KS2P_RWMHIG_READ_EAL_LA,RwmHigher_Reading_EAL_Cohort_LA_Previous_Num,"Reading, writing and maths higher standard",RwmHigher,English as an additional language,EAL,EES,0,0,KS2_Performance,Performance,,,,,,,,subject,Reading,,,,,,,,,,,,,
LA,24_KS2P_RWMHIG_WRIT_EAL_LA,RwmHigher_Writing_EAL_Cohort_LA_Previous_Num,"Reading, writing and maths higher standard",RwmHigher,English as an additional language,EAL,EES,0,0,KS2_Performance,Performance,,,,,,,,subject,Writing,,,,,,,,,,,,,
LA,24_KS2P_RWMHIG_MATH_EAL_LA,RwmHigher_Maths_EAL_Cohort_LA_Previous_Num,"Reading, writing and maths higher standard",RwmHigher,English as an additional language,EAL,EES,0,0,KS2_Performance,Performance,,,,,,,,subject,Maths,,,,,,,,,,,,,
LA,24_KS2P_RWMHIG_NMO_LA,RwmHigher_NMo_Cohort_LA_Previous_Num,"Reading, writing and maths higher standard",RwmHigher,Non-mobile,NMo,EES,0,0,KS2_Performance,Performance,,,,,,,,,,,,,,,,,,,,,,
LA,24_KS2P_RWMHIG_READ_NMO_LA,RwmHigher_Reading_NMo_Cohort_LA_Previous_Num,"Reading, writing and maths higher standard",RwmHigher,Non-mobile,NMo,EES,0,0,KS2_Performance,Performance,,,,,,,,subject,Reading,,,,,,,,,,,,,
LA,24_KS2P_RWMHIG_WRIT_NMO_LA,RwmHigher_Writing_NMo_Cohort_LA_Previous_Num,"Reading, writing and maths higher standard",RwmHigher,Non-mobile,NMo,EES,0,0,KS2_Performance,Performance,,,,,,,,subject,Writing,,,,,,,,,,,,,
LA,24_KS2P_RWMHIG_MATH_NMO_LA,RwmHigher_Maths_NMo_Cohort_LA_Previous_Num,"Reading, writing and maths higher standard",RwmHigher,Non-mobile,NMo,EES,0,0,KS2_Performance,Performance,,,,,,,,subject,Maths,,,,,,,,,,,,,
LA,24_KS2P_RWMHIG_MOB_LA,RwmHigher_Mob_Cohort_LA_Previous_Num,"Reading, writing and maths higher standard",RwmHigher,Mobile,Mob,EES,0,0,KS2_Performance,Performance,,,,,,,,,,,,,,,,,,,,,,
LA,24_KS2P_RWMHIG_READ_MOB_LA,RwmHigher_Reading_Mob_Cohort_LA_Previous_Num,"Reading, writing and maths higher standard",RwmHigher,Mobile,Mob,EES,0,0,KS2_Performance,Performance,,,,,,,,subject,Reading,,,,,,,,,,,,,
LA,24_KS2P_RWMHIG_WRIT_MOB_LA,RwmHigher_Writing_Mob_Cohort_LA_Previous_Num,"Reading, writing and maths higher standard",RwmHigher,Mobile,Mob,EES,0,0,KS2_Performance,Performance,,,,,,,,subject,Writing,,,,,,,,,,,,,
LA,24_KS2P_RWMHIG_MATH_MOB_LA,RwmHigher_Maths_Mob_Cohort_LA_Previous_Num,"Reading, writing and maths higher standard",RwmHigher,Mobile,Mob,EES,0,0,KS2_Performance,Performance,,,,,,,,subject,Maths,,,,,,,,,,,,,
LA,24_KS2P_READSCA_TOT_LA,ReadingScaledScore_Tot_Cohort_LA_Previous_Num,Reading scaled score,ReadingScaledScore,Total,Tot,EES,0,0,KS2_Performance,Performance,,,,,,,,,,,,,,,,,,,,,,
LA,24_KS2P_READSCA_BOY_LA,ReadingScaledScore_Boy_Cohort_LA_Previous_Num,Reading scaled score,ReadingScaledScore,Boys,Boy,EES,0,0,KS2_Performance,Performance,,,,,,,,,,,,,,,,,,,,,,
LA,24_KS2P_READSCA_GRL_LA,ReadingScaledScore_Grl_Cohort_LA_Previous_Num,Reading scaled score,ReadingScaledScore,Girls,Grl,EES,0,0,KS2_Performance,Performance,,,,,,,,,,,,,,,,,,,,,,
LA,24_KS2P_READSCA_DIS_LA,ReadingScaledScore_Dis_Cohort_LA_Previous_Num,Reading scaled score,ReadingScaledScore,Disadvantaged,Dis,EES,0,0,KS2_Performance,Performance,,,,,,,,,,,,,,,,,,,,,,
LA,24_KS2P_READSCA_NDI_LA,ReadingScaledScore_NDi_Cohort_LA_Previous_Num,Reading scaled score,ReadingScaledScore,Not disadvantaged,NDi,EES,0,0,KS2_Performance,Performance,,,,,,,,,,,,,,,,,,,,,,
LA,24_KS2P_READSCA_SENEHC_LA,ReadingScaledScore_SENEHC_Cohort_LA_Previous_Num,Reading scaled score,ReadingScaledScore,SEN EHC,SENEHC,EES,0,0,KS2_Performance,Performance,,,,,,,,,,,,,,,,,,,,,,
LA,24_KS2P_READSCA_SENSUP_LA,ReadingScaledScore_SENSup_Cohort_LA_Previous_Num,Reading scaled score,ReadingScaledScore,SEN support,SENSup,EES,0,0,KS2_Performance,Performance,,,,,,,,,,,,,,,,,,,,,,
LA,24_KS2P_READSCA_NOSEN_LA,ReadingScaledScore_NoSEN_Cohort_LA_Previous_Num,Reading scaled score,ReadingScaledScore,No SEN,NoSEN,EES,0,0,KS2_Performance,Performance,,,,,,,,,,,,,,,,,,,,,,
LA,24_KS2P_READSCA_EFL_LA,ReadingScaledScore_EFL_Cohort_LA_Previous_Num,Reading scaled score,ReadingScaledScore,English first language,EFL,EES,0,0,KS2_Performance,Performance,,,,,,,,,,,,,,,,,,,,,,
LA,24_KS2P_READSCA_EAL_LA,ReadingScaledScore_EAL_Cohort_LA_Previous_Num,Reading scaled score,ReadingScaledScore,English as an additional language,EAL,EES,0,0,KS2_Performance,Performance,,,,,,,,,,,,,,,,,,,,,,
LA,24_KS2P_READSCA_NMO_LA,ReadingScaledScore_NMo_Cohort_LA_Previous_Num,Reading scaled score,ReadingScaledScore,Non-mobile,NMo,EES,0,0,KS2_Performance,Performance,,,,,,,,,,,,,,,,,,,,,,
LA,24_KS2P_READSCA_MOB_LA,ReadingScaledScore_Mob_Cohort_LA_Previous_Num,Reading scaled score,ReadingScaledScore,Mobile,Mob,EES,0,0,KS2_Performance,Performance,,,,,,,,,,,,,,,,,,,,,,
LA,24_KS2P_MATHSCA_TOT_LA,MathsScaledScore_Tot_Cohort_LA_Previous_Num,Maths scaled score,MathsScaledScore,Total,Tot,EES,0,0,KS2_Performance,Performance,,,,,,,,,,,,,,,,,,,,,,
LA,24_KS2P_MATHSCA_BOY_LA,MathsScaledScore_Boy_Cohort_LA_Previous_Num,Maths scaled score,MathsScaledScore,Boys,Boy,EES,0,0,KS2_Performance,Performance,,,,,,,,,,,,,,,,,,,,,,
LA,24_KS2P_MATHSCA_GRL_LA,MathsScaledScore_Grl_Cohort_LA_Previous_Num,Maths scaled score,MathsScaledScore,Girls,Grl,EES,0,0,KS2_Performance,Performance,,,,,,,,,,,,,,,,,,,,,,
LA,24_KS2P_MATHSCA_DIS_LA,MathsScaledScore_Dis_Cohort_LA_Previous_Num,Maths scaled score,MathsScaledScore,Disadvantaged,Dis,EES,0,0,KS2_Performance,Performance,,,,,,,,,,,,,,,,,,,,,,
LA,24_KS2P_MATHSCA_NDI_LA,MathsScaledScore_NDi_Cohort_LA_Previous_Num,Maths scaled score,MathsScaledScore,Not disadvantaged,NDi,EES,0,0,KS2_Performance,Performance,,,,,,,,,,,,,,,,,,,,,,
LA,24_KS2P_MATHSCA_SENEHC_LA,MathsScaledScore_SENEHC_Cohort_LA_Previous_Num,Maths scaled score,MathsScaledScore,SEN EHC,SENEHC,EES,0,0,KS2_Performance,Performance,,,,,,,,,,,,,,,,,,,,,,
LA,24_KS2P_MATHSCA_SENSUP_LA,MathsScaledScore_SENSup_Cohort_LA_Previous_Num,Maths scaled score,MathsScaledScore,SEN support,SENSup,EES,0,0,KS2_Performance,Performance,,,,,,,,,,,,,,,,,,,,,,
LA,24_KS2P_MATHSCA_NOSEN_LA,MathsScaledScore_NoSEN_Cohort_LA_Previous_Num,Maths scaled score,MathsScaledScore,No SEN,NoSEN,EES,0,0,KS2_Performance,Performance,,,,,,,,,,,,,,,,,,,,,,
LA,24_KS2P_MATHSCA_EFL_LA,MathsScaledScore_EFL_Cohort_LA_Previous_Num,Maths scaled score,MathsScaledScore,English first language,EFL,EES,0,0,KS2_Performance,Performance,,,,,,,,,,,,,,,,,,,,,,
LA,24_KS2P_MATHSCA_EAL_LA,MathsScaledScore_EAL_Cohort_LA_Previous_Num,Maths scaled score,MathsScaledScore,English as an additional language,EAL,EES,0,0,KS2_Performance,Performance,,,,,,,,,,,,,,,,,,,,,,
LA,24_KS2P_MATHSCA_NMO_LA,MathsScaledScore_NMo_Cohort_LA_Previous_Num,Maths scaled score,MathsScaledScore,Non-mobile,NMo,EES,0,0,KS2_Performance,Performance,,,,,,,,,,,,,,,,,,,,,,
LA,24_KS2P_MATHSCA_MOB_LA,MathsScaledScore_Mob_Cohort_LA_Previous_Num,Maths scaled score,MathsScaledScore,Mobile,Mob,EES,0,0,KS2_Performance,Performance,,,,,,,,,,,,,,,,,,,,,,
LA,24_KS2P_GPSEXP_TOT_LA,GpsExpected_Tot_Cohort_LA_Previous_Num,"Grammar, punctuation and spelling expected standard",GpsExpected,Total,Tot,EES,0,0,KS2_Performance,Performance,,,,,,,,,,,,,,,,,,,,,,
LA,24_KS2P_GPSEXP_BOY_LA,GpsExpected_Boy_Cohort_LA_Previous_Num,"Grammar, punctuation and spelling expected standard",GpsExpected,Boys,Boy,EES,0,0,KS2_Performance,Performance,,,,,,,,,,,,,,,,,,,,,,
LA,24_KS2P_GPSEXP_GRL_LA,GpsExpected_Grl_Cohort_LA_Previous_Num,"Grammar, punctuation and spelling expected standard",GpsExpected,Girls,Grl,EES,0,0,KS2_Performance,Performance,,,,,,,,,,,,,,,,,,,,,,
LA,24_KS2P_GPSEXP_DIS_LA,GpsExpected_Dis_Cohort_LA_Previous_Num,"Grammar, punctuation and spelling expected standard",GpsExpected,Disadvantaged,Dis,EES,0,0,KS2_Performance,Performance,,,,,,,,,,,,,,,,,,,,,,
LA,24_KS2P_GPSEXP_NDI_LA,GpsExpected_NDi_Cohort_LA_Previous_Num,"Grammar, punctuation and spelling expected standard",GpsExpected,Not disadvantaged,NDi,EES,0,0,KS2_Performance,Performance,,,,,,,,,,,,,,,,,,,,,,
LA,24_KS2P_GPSEXP_SENEHC_LA,GpsExpected_SENEHC_Cohort_LA_Previous_Num,"Grammar, punctuation and spelling expected standard",GpsExpected,SEN EHC,SENEHC,EES,0,0,KS2_Performance,Performance,,,,,,,,,,,,,,,,,,,,,,
LA,24_KS2P_GPSEXP_SENSUP_LA,GpsExpected_SENSup_Cohort_LA_Previous_Num,"Grammar, punctuation and spelling expected standard",GpsExpected,SEN support,SENSup,EES,0,0,KS2_Performance,Performance,,,,,,,,,,,,,,,,,,,,,,
LA,24_KS2P_GPSEXP_NOSEN_LA,GpsExpected_NoSEN_Cohort_LA_Previous_Num,"Grammar, punctuation and spelling expected standard",GpsExpected,No SEN,NoSEN,EES,0,0,KS2_Performance,Performance,,,,,,,,,,,,,,,,,,,,,,
LA,24_KS2P_GPSEXP_EFL_LA,GpsExpected_EFL_Cohort_LA_Previous_Num,"Grammar, punctuation and spelling expected standard",GpsExpected,English first language,EFL,EES,0,0,KS2_Performance,Performance,,,,,,,,,,,,,,,,,,,,,,
LA,24_KS2P_GPSEXP_EAL_LA,GpsExpected_EAL_Cohort_LA_Previous_Num,"Grammar, punctuation and spelling expected standard",GpsExpected,English as an additional language,EAL,EES,0,0,KS2_Performance,Performance,,,,,,,,,,,,,,,,,,,,,,
LA,24_KS2P_GPSEXP_NMO_LA,GpsExpected_NMo_Cohort_LA_Previous_Num,"Grammar, punctuation and spelling expected standard",GpsExpected,Non-mobile,NMo,EES,0,0,KS2_Performance,Performance,,,,,,,,,,,,,,,,,,,,,,
LA,24_KS2P_GPSEXP_MOB_LA,GpsExpected_Mob_Cohort_LA_Previous_Num,"Grammar, punctuation and spelling expected standard",GpsExpected,Mobile,Mob,EES,0,0,KS2_Performance,Performance,,,,,,,,,,,,,,,,,,,,,,
LA,24_KS2P_GPSHIG_TOT_LA,GpsHigher_Tot_Cohort_LA_Previous_Num,"Grammar, punctuation and spelling higher standard",GpsHigher,Total,Tot,EES,0,0,KS2_Performance,Performance,,,,,,,,,,,,,,,,,,,,,,
LA,24_KS2P_GPSHIG_BOY_LA,GpsHigher_Boy_Cohort_LA_Previous_Num,"Grammar, punctuation and spelling higher standard",GpsHigher,Boys,Boy,EES,0,0,KS2_Performance,Performance,,,,,,,,,,,,,,,,,,,,,,
LA,24_KS2P_GPSHIG_GRL_LA,GpsHigher_Grl_Cohort_LA_Previous_Num,"Grammar, punctuation and spelling higher standard",GpsHigher,Girls,Grl,EES,0,0,KS2_Performance,Performance,,,,,,,,,,,,,,,,,,,,,,
LA,24_KS2P_GPSHIG_DIS_LA,GpsHigher_Dis_Cohort_LA_Previous_Num,"Grammar, punctuation and spelling higher standard",GpsHigher,Disadvantaged,Dis,EES,0,0,KS2_Performance,Performance,,,,,,,,,,,,,,,,,,,,,,
LA,24_KS2P_GPSHIG_NDI_LA,GpsHigher_NDi_Cohort_LA_Previous_Num,"Grammar, punctuation and spelling higher standard",GpsHigher,Not disadvantaged,NDi,EES,0,0,KS2_Performance,Performance,,,,,,,,,,,,,,,,,,,,,,
LA,24_KS2P_GPSHIG_SENEHC_LA,GpsHigher_SENEHC_Cohort_LA_Previous_Num,"Grammar, punctuation and spelling higher standard",GpsHigher,SEN EHC,SENEHC,EES,0,0,KS2_Performance,Performance,,,,,,,,,,,,,,,,,,,,,,
LA,24_KS2P_GPSHIG_SENSUP_LA,GpsHigher_SENSup_Cohort_LA_Previous_Num,"Grammar, punctuation and spelling higher standard",GpsHigher,SEN support,SENSup,EES,0,0,KS2_Performance,Performance,,,,,,,,,,,,,,,,,,,,,,
LA,24_KS2P_GPSHIG_NOSEN_LA,GpsHigher_NoSEN_Cohort_LA_Previous_Num,"Grammar, punctuation and spelling higher standard",GpsHigher,No SEN,NoSEN,EES,0,0,KS2_Performance,Performance,,,,,,,,,,,,,,,,,,,,,,
LA,24_KS2P_GPSHIG_EFL_LA,GpsHigher_EFL_Cohort_LA_Previous_Num,"Grammar, punctuation and spelling higher standard",GpsHigher,English first language,EFL,EES,0,0,KS2_Performance,Performance,,,,,,,,,,,,,,,,,,,,,,
LA,24_KS2P_GPSHIG_EAL_LA,GpsHigher_EAL_Cohort_LA_Previous_Num,"Grammar, punctuation and spelling higher standard",GpsHigher,English as an additional language,EAL,EES,0,0,KS2_Performance,Performance,,,,,,,,,,,,,,,,,,,,,,
LA,24_KS2P_GPSHIG_NMO_LA,GpsHigher_NMo_Cohort_LA_Previous_Num,"Grammar, punctuation and spelling higher standard",GpsHigher,Non-mobile,NMo,EES,0,0,KS2_Performance,Performance,,,,,,,,,,,,,,,,,,,,,,
LA,24_KS2P_GPSHIG_MOB_LA,GpsHigher_Mob_Cohort_LA_Previous_Num,"Grammar, punctuation and spelling higher standard",GpsHigher,Mobile,Mob,EES,0,0,KS2_Performance,Performance,,,,,,,,,,,,,,,,,,,,,,
LA,23_KS2P_RWMEXP_TOT_LA,RwmExpected_Tot_Cohort_LA_Previous2_Num,"Reading, writing and maths expected standard",RwmExpected,Total,Tot,EES,0,0,KS2_Performance,Performance,,,,,,,,,,,,,,,,,,,,,,
LA,23_KS2P_RWMEXP_READ_TOT_LA,RwmExpected_Reading_Tot_Cohort_LA_Previous2_Num,"Reading, writing and maths expected standard",RwmExpected,Total,Tot,EES,0,0,KS2_Performance,Performance,,,,,,,,subject,Reading,,,,,,,,,,,,,
LA,23_KS2P_RWMEXP_WRIT_TOT_LA,RwmExpected_Writing_Tot_Cohort_LA_Previous2_Num,"Reading, writing and maths expected standard",RwmExpected,Total,Tot,EES,0,0,KS2_Performance,Performance,,,,,,,,subject,Writing,,,,,,,,,,,,,
LA,23_KS2P_RWMEXP_MATH_TOT_LA,RwmExpected_Maths_Tot_Cohort_LA_Previous2_Num,"Reading, writing and maths expected standard",RwmExpected,Total,Tot,EES,0,0,KS2_Performance,Performance,,,,,,,,subject,Maths,,,,,,,,,,,,,
LA,23_KS2P_RWMEXP_BOY_LA,RwmExpected_Boy_Cohort_LA_Previous2_Num,"Reading, writing and maths expected standard",RwmExpected,Boys,Boy,EES,0,0,KS2_Performance,Performance,,,,,,,,,,,,,,,,,,,,,,
LA,23_KS2P_RWMEXP_READ_BOY_LA,RwmExpected_Reading_Boy_Cohort_LA_Previous2_Num,"Reading, writing and maths expected standard",RwmExpected,Boys,Boy,EES,0,0,KS2_Performance,Performance,,,,,,,,subject,Reading,,,,,,,,,,,,,
LA,23_KS2P_RWMEXP_WRIT_BOY_LA,RwmExpected_Writing_Boy_Cohort_LA_Previous2_Num,"Reading, writing and maths expected standard",RwmExpected,Boys,Boy,EES,0,0,KS2_Performance,Performance,,,,,,,,subject,Writing,,,,,,,,,,,,,
LA,23_KS2P_RWMEXP_MATH_BOY_LA,RwmExpected_Maths_Boy_Cohort_LA_Previous2_Num,"Reading, writing and maths expected standard",RwmExpected,Boys,Boy,EES,0,0,KS2_Performance,Performance,,,,,,,,subject,Maths,,,,,,,,,,,,,
LA,23_KS2P_RWMEXP_GRL_LA,RwmExpected_Grl_Cohort_LA_Previous2_Num,"Reading, writing and maths expected standard",RwmExpected,Girls,Grl,EES,0,0,KS2_Performance,Performance,,,,,,,,,,,,,,,,,,,,,,
LA,23_KS2P_RWMEXP_READ_GRL_LA,RwmExpected_Reading_Grl_Cohort_LA_Previous2_Num,"Reading, writing and maths expected standard",RwmExpected,Girls,Grl,EES,0,0,KS2_Performance,Performance,,,,,,,,subject,Reading,,,,,,,,,,,,,
LA,23_KS2P_RWMEXP_WRIT_GRL_LA,RwmExpected_Writing_Grl_Cohort_LA_Previous2_Num,"Reading, writing and maths expected standard",RwmExpected,Girls,Grl,EES,0,0,KS2_Performance,Performance,,,,,,,,subject,Writing,,,,,,,,,,,,,
LA,23_KS2P_RWMEXP_MATH_GRL_LA,RwmExpected_Maths_Grl_Cohort_LA_Previous2_Num,"Reading, writing and maths expected standard",RwmExpected,Girls,Grl,EES,0,0,KS2_Performance,Performance,,,,,,,,subject,Maths,,,,,,,,,,,,,
LA,23_KS2P_RWMEXP_DIS_LA,RwmExpected_Dis_Cohort_LA_Previous2_Num,"Reading, writing and maths expected standard",RwmExpected,Disadvantaged,Dis,EES,0,0,KS2_Performance,Performance,,,,,,,,,,,,,,,,,,,,,,
LA,23_KS2P_RWMEXP_READ_DIS_LA,RwmExpected_Reading_Dis_Cohort_LA_Previous2_Num,"Reading, writing and maths expected standard",RwmExpected,Disadvantaged,Dis,EES,0,0,KS2_Performance,Performance,,,,,,,,subject,Reading,,,,,,,,,,,,,
LA,23_KS2P_RWMEXP_WRIT_DIS_LA,RwmExpected_Writing_Dis_Cohort_LA_Previous2_Num,"Reading, writing and maths expected standard",RwmExpected,Disadvantaged,Dis,EES,0,0,KS2_Performance,Performance,,,,,,,,subject,Writing,,,,,,,,,,,,,
LA,23_KS2P_RWMEXP_MATH_DIS_LA,RwmExpected_Maths_Dis_Cohort_LA_Previous2_Num,"Reading, writing and maths expected standard",RwmExpected,Disadvantaged,Dis,EES,0,0,KS2_Performance,Performance,,,,,,,,subject,Maths,,,,,,,,,,,,,
LA,23_KS2P_RWMEXP_NDI_LA,RwmExpected_NDi_Cohort_LA_Previous2_Num,"Reading, writing and maths expected standard",RwmExpected,Not disadvantaged,NDi,EES,0,0,KS2_Performance,Performance,,,,,,,,,,,,,,,,,,,,,,
LA,23_KS2P_RWMEXP_READ_NDI_LA,RwmExpected_Reading_NDi_Cohort_LA_Previous2_Num,"Reading, writing and maths expected standard",RwmExpected,Not disadvantaged,NDi,EES,0,0,KS2_Performance,Performance,,,,,,,,subject,Reading,,,,,,,,,,,,,
LA,23_KS2P_RWMEXP_WRIT_NDI_LA,RwmExpected_Writing_NDi_Cohort_LA_Previous2_Num,"Reading, writing and maths expected standard",RwmExpected,Not disadvantaged,NDi,EES,0,0,KS2_Performance,Performance,,,,,,,,subject,Writing,,,,,,,,,,,,,
LA,23_KS2P_RWMEXP_MATH_NDI_LA,RwmExpected_Maths_NDi_Cohort_LA_Previous2_Num,"Reading, writing and maths expected standard",RwmExpected,Not disadvantaged,NDi,EES,0,0,KS2_Performance,Performance,,,,,,,,subject,Maths,,,,,,,,,,,,,
LA,23_KS2P_RWMEXP_SENEHC_LA,RwmExpected_SENEHC_Cohort_LA_Previous2_Num,"Reading, writing and maths expected standard",RwmExpected,SEN EHC,SENEHC,EES,0,0,KS2_Performance,Performance,,,,,,,,,,,,,,,,,,,,,,
LA,23_KS2P_RWMEXP_READ_SENEHC_LA,RwmExpected_Reading_SENEHC_Cohort_LA_Previous2_Num,"Reading, writing and maths expected standard",RwmExpected,SEN EHC,SENEHC,EES,0,0,KS2_Performance,Performance,,,,,,,,subject,Reading,,,,,,,,,,,,,
LA,23_KS2P_RWMEXP_WRIT_SENEHC_LA,RwmExpected_Writing_SENEHC_Cohort_LA_Previous2_Num,"Reading, writing and maths expected standard",RwmExpected,SEN EHC,SENEHC,EES,0,0,KS2_Performance,Performance,,,,,,,,subject,Writing,,,,,,,,,,,,,
LA,23_KS2P_RWMEXP_MATH_SENEHC_LA,RwmExpected_Maths_SENEHC_Cohort_LA_Previous2_Num,"Reading, writing and maths expected standard",RwmExpected,SEN EHC,SENEHC,EES,0,0,KS2_Performance,Performance,,,,,,,,subject,Maths,,,,,,,,,,,,,
LA,23_KS2P_RWMEXP_SENSUP_LA,RwmExpected_SENSup_Cohort_LA_Previous2_Num,"Reading, writing and maths expected standard",RwmExpected,SEN support,SENSup,EES,0,0,KS2_Performance,Performance,,,,,,,,,,,,,,,,,,,,,,
LA,23_KS2P_RWMEXP_READ_SENSUP_LA,RwmExpected_Reading_SENSup_Cohort_LA_Previous2_Num,"Reading, writing and maths expected standard",RwmExpected,SEN support,SENSup,EES,0,0,KS2_Performance,Performance,,,,,,,,subject,Reading,,,,,,,,,,,,,
LA,23_KS2P_RWMEXP_WRIT_SENSUP_LA,RwmExpected_Writing_SENSup_Cohort_LA_Previous2_Num,"Reading, writing and maths expected standard",RwmExpected,SEN support,SENSup,EES,0,0,KS2_Performance,Performance,,,,,,,,subject,Writing,,,,,,,,,,,,,
LA,23_KS2P_RWMEXP_MATH_SENSUP_LA,RwmExpected_Maths_SENSup_Cohort_LA_Previous2_Num,"Reading, writing and maths expected standard",RwmExpected,SEN support,SENSup,EES,0,0,KS2_Performance,Performance,,,,,,,,subject,Maths,,,,,,,,,,,,,
LA,23_KS2P_RWMEXP_NOSEN_LA,RwmExpected_NoSEN_Cohort_LA_Previous2_Num,"Reading, writing and maths expected standard",RwmExpected,No SEN,NoSEN,EES,0,0,KS2_Performance,Performance,,,,,,,,,,,,,,,,,,,,,,
LA,23_KS2P_RWMEXP_READ_NOSEN_LA,RwmExpected_Reading_NoSEN_Cohort_LA_Previous2_Num,"Reading, writing and maths expected standard",RwmExpected,No SEN,NoSEN,EES,0,0,KS2_Performance,Performance,,,,,,,,subject,Reading,,,,,,,,,,,,,
LA,23_KS2P_RWMEXP_WRIT_NOSEN_LA,RwmExpected_Writing_NoSEN_Cohort_LA_Previous2_Num,"Reading, writing and maths expected standard",RwmExpected,No SEN,NoSEN,EES,0,0,KS2_Performance,Performance,,,,,,,,subject,Writing,,,,,,,,,,,,,
LA,23_KS2P_RWMEXP_MATH_NOSEN_LA,RwmExpected_Maths_NoSEN_Cohort_LA_Previous2_Num,"Reading, writing and maths expected standard",RwmExpected,No SEN,NoSEN,EES,0,0,KS2_Performance,Performance,,,,,,,,subject,Maths,,,,,,,,,,,,,
LA,23_KS2P_RWMEXP_EFL_LA,RwmExpected_EFL_Cohort_LA_Previous2_Num,"Reading, writing and maths expected standard",RwmExpected,English first language,EFL,EES,0,0,KS2_Performance,Performance,,,,,,,,,,,,,,,,,,,,,,
LA,23_KS2P_RWMEXP_READ_EFL_LA,RwmExpected_Reading_EFL_Cohort_LA_Previous2_Num,"Reading, writing and maths expected standard",RwmExpected,English first language,EFL,EES,0,0,KS2_Performance,Performance,,,,,,,,subject,Reading,,,,,,,,,,,,,
LA,23_KS2P_RWMEXP_WRIT_EFL_LA,RwmExpected_Writing_EFL_Cohort_LA_Previous2_Num,"Reading, writing and maths expected standard",RwmExpected,English first language,EFL,EES,0,0,KS2_Performance,Performance,,,,,,,,subject,Writing,,,,,,,,,,,,,
LA,23_KS2P_RWMEXP_MATH_EFL_LA,RwmExpected_Maths_EFL_Cohort_LA_Previous2_Num,"Reading, writing and maths expected standard",RwmExpected,English first language,EFL,EES,0,0,KS2_Performance,Performance,,,,,,,,subject,Maths,,,,,,,,,,,,,
LA,23_KS2P_RWMEXP_EAL_LA,RwmExpected_EAL_Cohort_LA_Previous2_Num,"Reading, writing and maths expected standard",RwmExpected,English as an additional language,EAL,EES,0,0,KS2_Performance,Performance,,,,,,,,,,,,,,,,,,,,,,
LA,23_KS2P_RWMEXP_READ_EAL_LA,RwmExpected_Reading_EAL_Cohort_LA_Previous2_Num,"Reading, writing and maths expected standard",RwmExpected,English as an additional language,EAL,EES,0,0,KS2_Performance,Performance,,,,,,,,subject,Reading,,,,,,,,,,,,,
LA,23_KS2P_RWMEXP_WRIT_EAL_LA,RwmExpected_Writing_EAL_Cohort_LA_Previous2_Num,"Reading, writing and maths expected standard",RwmExpected,English as an additional language,EAL,EES,0,0,KS2_Performance,Performance,,,,,,,,subject,Writing,,,,,,,,,,,,,
LA,23_KS2P_RWMEXP_MATH_EAL_LA,RwmExpected_Maths_EAL_Cohort_LA_Previous2_Num,"Reading, writing and maths expected standard",RwmExpected,English as an additional language,EAL,EES,0,0,KS2_Performance,Performance,,,,,,,,subject,Maths,,,,,,,,,,,,,
LA,23_KS2P_RWMEXP_NMO_LA,RwmExpected_NMo_Cohort_LA_Previous2_Num,"Reading, writing and maths expected standard",RwmExpected,Non-mobile,NMo,EES,0,0,KS2_Performance,Performance,,,,,,,,,,,,,,,,,,,,,,
LA,23_KS2P_RWMEXP_READ_NMO_LA,RwmExpected_Reading_NMo_Cohort_LA_Previous2_Num,"Reading, writing and maths expected standard",RwmExpected,Non-mobile,NMo,EES,0,0,KS2_Performance,Performance,,,,,,,,subject,Reading,,,,,,,,,,,,,
LA,23_KS2P_RWMEXP_WRIT_NMO_LA,RwmExpected_Writing_NMo_Cohort_LA_Previous2_Num,"Reading, writing and maths expected standard",RwmExpected,Non-mobile,NMo,EES,0,0,KS2_Performance,Performance,,,,,,,,subject,Writing,,,,,,,,,,,,,
LA,23_KS2P_RWMEXP_MATH_NMO_LA,RwmExpected_Maths_NMo_Cohort_LA_Previous2_Num,"Reading, writing and maths expected standard",RwmExpected,Non-mobile,NMo,EES,0,0,KS2_Performance,Performance,,,,,,,,subject,Maths,,,,,,,,,,,,,
LA,23_KS2P_RWMEXP_MOB_LA,RwmExpected_Mob_Cohort_LA_Previous2_Num,"Reading, writing and maths expected standard",RwmExpected,Mobile,Mob,EES,0,0,KS2_Performance,Performance,,,,,,,,,,,,,,,,,,,,,,
LA,23_KS2P_RWMEXP_READ_MOB_LA,RwmExpected_Reading_Mob_Cohort_LA_Previous2_Num,"Reading, writing and maths expected standard",RwmExpected,Mobile,Mob,EES,0,0,KS2_Performance,Performance,,,,,,,,subject,Reading,,,,,,,,,,,,,
LA,23_KS2P_RWMEXP_WRIT_MOB_LA,RwmExpected_Writing_Mob_Cohort_LA_Previous2_Num,"Reading, writing and maths expected standard",RwmExpected,Mobile,Mob,EES,0,0,KS2_Performance,Performance,,,,,,,,subject,Writing,,,,,,,,,,,,,
LA,23_KS2P_RWMEXP_MATH_MOB_LA,RwmExpected_Maths_Mob_Cohort_LA_Previous2_Num,"Reading, writing and maths expected standard",RwmExpected,Mobile,Mob,EES,0,0,KS2_Performance,Performance,,,,,,,,subject,Maths,,,,,,,,,,,,,
LA,23_KS2P_RWMHIG_TOT_LA,RwmHigher_Tot_Cohort_LA_Previous2_Num,"Reading, writing and maths higher standard",RwmHigher,Total,Tot,EES,0,0,KS2_Performance,Performance,,,,,,,,,,,,,,,,,,,,,,
LA,23_KS2P_RWMHIG_READ_TOT_LA,RwmHigher_Reading_Tot_Cohort_LA_Previous2_Num,"Reading, writing and maths higher standard",RwmHigher,Total,Tot,EES,0,0,KS2_Performance,Performance,,,,,,,,subject,Reading,,,,,,,,,,,,,
LA,23_KS2P_RWMHIG_WRIT_TOT_LA,RwmHigher_Writing_Tot_Cohort_LA_Previous2_Num,"Reading, writing and maths higher standard",RwmHigher,Total,Tot,EES,0,0,KS2_Performance,Performance,,,,,,,,subject,Writing,,,,,,,,,,,,,
LA,23_KS2P_RWMHIG_MATH_TOT_LA,RwmHigher_Maths_Tot_Cohort_LA_Previous2_Num,"Reading, writing and maths higher standard",RwmHigher,Total,Tot,EES,0,0,KS2_Performance,Performance,,,,,,,,subject,Maths,,,,,,,,,,,,,
LA,23_KS2P_RWMHIG_BOY_LA,RwmHigher_Boy_Cohort_LA_Previous2_Num,"Reading, writing and maths higher standard",RwmHigher,Boys,Boy,EES,0,0,KS2_Performance,Performance,,,,,,,,,,,,,,,,,,,,,,
LA,23_KS2P_RWMHIG_READ_BOY_LA,RwmHigher_Reading_Boy_Cohort_LA_Previous2_Num,"Reading, writing and maths higher standard",RwmHigher,Boys,Boy,EES,0,0,KS2_Performance,Performance,,,,,,,,subject,Reading,,,,,,,,,,,,,
LA,23_KS2P_RWMHIG_WRIT_BOY_LA,RwmHigher_Writing_Boy_Cohort_LA_Previous2_Num,"Reading, writing and maths higher standard",RwmHigher,Boys,Boy,EES,0,0,KS2_Performance,Performance,,,,,,,,subject,Writing,,,,,,,,,,,,,
LA,23_KS2P_RWMHIG_MATH_BOY_LA,RwmHigher_Maths_Boy_Cohort_LA_Previous2_Num,"Reading, writing and maths higher standard",RwmHigher,Boys,Boy,EES,0,0,KS2_Performance,Performance,,,,,,,,subject,Maths,,,,,,,,,,,,,
LA,23_KS2P_RWMHIG_GRL_LA,RwmHigher_Grl_Cohort_LA_Previous2_Num,"Reading, writing and maths higher standard",RwmHigher,Girls,Grl,EES,0,0,KS2_Performance,Performance,,,,,,,,,,,,,,,,,,,,,,
LA,23_KS2P_RWMHIG_READ_GRL_LA,RwmHigher_Reading_Grl_Cohort_LA_Previous2_Num,"Reading, writing and maths higher standard",RwmHigher,Girls,Grl,EES,0,0,KS2_Performance,Performance,,,,,,,,subject,Reading,,,,,,,,,,,,,
LA,23_KS2P_RWMHIG_WRIT_GRL_LA,RwmHigher_Writing_Grl_Cohort_LA_Previous2_Num,"Reading, writing and maths higher standard",RwmHigher,Girls,Grl,EES,0,0,KS2_Performance,Performance,,,,,,,,subject,Writing,,,,,,,,,,,,,
LA,23_KS2P_RWMHIG_MATH_GRL_LA,RwmHigher_Maths_Grl_Cohort_LA_Previous2_Num,"Reading, writing and maths higher standard",RwmHigher,Girls,Grl,EES,0,0,KS2_Performance,Performance,,,,,,,,subject,Maths,,,,,,,,,,,,,
LA,23_KS2P_RWMHIG_DIS_LA,RwmHigher_Dis_Cohort_LA_Previous2_Num,"Reading, writing and maths higher standard",RwmHigher,Disadvantaged,Dis,EES,0,0,KS2_Performance,Performance,,,,,,,,,,,,,,,,,,,,,,
LA,23_KS2P_RWMHIG_READ_DIS_LA,RwmHigher_Reading_Dis_Cohort_LA_Previous2_Num,"Reading, writing and maths higher standard",RwmHigher,Disadvantaged,Dis,EES,0,0,KS2_Performance,Performance,,,,,,,,subject,Reading,,,,,,,,,,,,,
LA,23_KS2P_RWMHIG_WRIT_DIS_LA,RwmHigher_Writing_Dis_Cohort_LA_Previous2_Num,"Reading, writing and maths higher standard",RwmHigher,Disadvantaged,Dis,EES,0,0,KS2_Performance,Performance,,,,,,,,subject,Writing,,,,,,,,,,,,,
LA,23_KS2P_RWMHIG_MATH_DIS_LA,RwmHigher_Maths_Dis_Cohort_LA_Previous2_Num,"Reading, writing and maths higher standard",RwmHigher,Disadvantaged,Dis,EES,0,0,KS2_Performance,Performance,,,,,,,,subject,Maths,,,,,,,,,,,,,
LA,23_KS2P_RWMHIG_NDI_LA,RwmHigher_NDi_Cohort_LA_Previous2_Num,"Reading, writing and maths higher standard",RwmHigher,Not disadvantaged,NDi,EES,0,0,KS2_Performance,Performance,,,,,,,,,,,,,,,,,,,,,,
LA,23_KS2P_RWMHIG_READ_NDI_LA,RwmHigher_Reading_NDi_Cohort_LA_Previous2_Num,"Reading, writing and maths higher standard",RwmHigher,Not disadvantaged,NDi,EES,0,0,KS2_Performance,Performance,,,,,,,,subject,Reading,,,,,,,,,,,,,
LA,23_KS2P_RWMHIG_WRIT_NDI_LA,RwmHigher_Writing_NDi_Cohort_LA_Previous2_Num,"Reading, writing and maths higher standard",RwmHigher,Not disadvantaged,NDi,EES,0,0,KS2_Performance,Performance,,,,,,,,subject,Writing,,,,,,,,,,,,,
LA,23_KS2P_RWMHIG_MATH_NDI_LA,RwmHigher_Maths_NDi_Cohort_LA_Previous2_Num,"Reading, writing and maths higher standard",RwmHigher,Not disadvantaged,NDi,EES,0,0,KS2_Performance,Performance,,,,,,,,subject,Maths,,,,,,,,,,,,,
LA,23_KS2P_RWMHIG_SENEHC_LA,RwmHigher_SENEHC_Cohort_LA_Previous2_Num,"Reading, writing and maths higher standard",RwmHigher,SEN EHC,SENEHC,EES,0,0,KS2_Performance,Performance,,,,,,,,,,,,,,,,,,,,,,
LA,23_KS2P_RWMHIG_READ_SENEHC_LA,RwmHigher_Reading_SENEHC_Cohort_LA_Previous2_Num,"Reading, writing and maths higher standard",RwmHigher,SEN EHC,SENEHC,EES,0,0,KS2_Performance,Performance,,,,,,,,subject,Reading,,,,,,,,,,,,,
LA,23_KS2P_RWMHIG_WRIT_SENEHC_LA,RwmHigher_Writing_SENEHC_Cohort_LA_Previous2_Num,"Reading, writing and maths higher standard",RwmHigher,SEN EHC,SENEHC,EES,0,0,KS2_Performance,Performance,,,,,,,,subject,Writing,,,,,,,,,,,,,
LA,23_KS2P_RWMHIG_MATH_SENEHC_LA,RwmHigher_Maths_SENEHC_Cohort_LA_Previous2_Num,"Reading, writing and maths higher standard",RwmHigher,SEN EHC,SENEHC,EES,0,0,KS2_Performance,Performance,,,,,,,,subject,Maths,,,,,,,,,,,,,
LA,23_KS2P_RWMHIG_SENSUP_LA,RwmHigher_SENSup_Cohort_LA_Previous2_Num,"Reading, writing and maths higher standard",RwmHigher,SEN support,SENSup,EES,0,0,KS2_Performance,Performance,,,,,,,,,,,,,,,,,,,,,,
LA,23_KS2P_RWMHIG_READ_SENSUP_LA,RwmHigher_Reading_SENSup_Cohort_LA_Previous2_Num,"Reading, writing and maths higher standard",RwmHigher,SEN support,SENSup,EES,0,0,KS2_Performance,Performance,,,,,,,,subject,Reading,,,,,,,,,,,,,
LA,23_KS2P_RWMHIG_WRIT_SENSUP_LA,RwmHigher_Writing_SENSup_Cohort_LA_Previous2_Num,"Reading, writing and maths higher standard",RwmHigher,SEN support,SENSup,EES,0,0,KS2_Performance,Performance,,,,,,,,subject,Writing,,,,,,,,,,,,,
LA,23_KS2P_RWMHIG_MATH_SENSUP_LA,RwmHigher_Maths_SENSup_Cohort_LA_Previous2_Num,"Reading, writing and maths higher standard",RwmHigher,SEN support,SENSup,EES,0,0,KS2_Performance,Performance,,,,,,,,subject,Maths,,,,,,,,,,,,,
LA,23_KS2P_RWMHIG_NOSEN_LA,RwmHigher_NoSEN_Cohort_LA_Previous2_Num,"Reading, writing and maths higher standard",RwmHigher,No SEN,NoSEN,EES,0,0,KS2_Performance,Performance,,,,,,,,,,,,,,,,,,,,,,
LA,23_KS2P_RWMHIG_READ_NOSEN_LA,RwmHigher_Reading_NoSEN_Cohort_LA_Previous2_Num,"Reading, writing and maths higher standard",RwmHigher,No SEN,NoSEN,EES,0,0,KS2_Performance,Performance,,,,,,,,subject,Reading,,,,,,,,,,,,,
LA,23_KS2P_RWMHIG_WRIT_NOSEN_LA,RwmHigher_Writing_NoSEN_Cohort_LA_Previous2_Num,"Reading, writing and maths higher standard",RwmHigher,No SEN,NoSEN,EES,0,0,KS2_Performance,Performance,,,,,,,,subject,Writing,,,,,,,,,,,,,
LA,23_KS2P_RWMHIG_MATH_NOSEN_LA,RwmHigher_Maths_NoSEN_Cohort_LA_Previous2_Num,"Reading, writing and maths higher standard",RwmHigher,No SEN,NoSEN,EES,0,0,KS2_Performance,Performance,,,,,,,,subject,Maths,,,,,,,,,,,,,
LA,23_KS2P_RWMHIG_EFL_LA,RwmHigher_EFL_Cohort_LA_Previous2_Num,"Reading, writing and maths higher standard",RwmHigher,English first language,EFL,EES,0,0,KS2_Performance,Performance,,,,,,,,,,,,,,,,,,,,,,
LA,23_KS2P_RWMHIG_READ_EFL_LA,RwmHigher_Reading_EFL_Cohort_LA_Previous2_Num,"Reading, writing and maths higher standard",RwmHigher,English first language,EFL,EES,0,0,KS2_Performance,Performance,,,,,,,,subject,Reading,,,,,,,,,,,,,
LA,23_KS2P_RWMHIG_WRIT_EFL_LA,RwmHigher_Writing_EFL_Cohort_LA_Previous2_Num,"Reading, writing and maths higher standard",RwmHigher,English first language,EFL,EES,0,0,KS2_Performance,Performance,,,,,,,,subject,Writing,,,,,,,,,,,,,
LA,23_KS2P_RWMHIG_MATH_EFL_LA,RwmHigher_Maths_EFL_Cohort_LA_Previous2_Num,"Reading, writing and maths higher standard",RwmHigher,English first language,EFL,EES,0,0,KS2_Performance,Performance,,,,,,,,subject,Maths,,,,,,,,,,,,,
LA,23_KS2P_RWMHIG_EAL_LA,RwmHigher_EAL_Cohort_LA_Previous2_Num,"Reading, writing and maths higher standard",RwmHigher,English as an additional language,EAL,EES,0,0,KS2_Performance,Performance,,,,,,,,,,,,,,,,,,,,,,
LA,23_KS2P_RWMHIG_READ_EAL_LA,RwmHigher_Reading_EAL_Cohort_LA_Previous2_Num,"Reading, writing and maths higher standard",RwmHigher,English as an additional language,EAL,EES,0,0,KS2_Performance,Performance,,,,,,,,subject,Reading,,,,,,,,,,,,,
LA,23_KS2P_RWMHIG_WRIT_EAL_LA,RwmHigher_Writing_EAL_Cohort_LA_Previous2_Num,"Reading, writing and maths higher standard",RwmHigher,English as an additional language,EAL,EES,0,0,KS2_Performance,Performance,,,,,,,,subject,Writing,,,,,,,,,,,,,
LA,23_KS2P_RWMHIG_MATH_EAL_LA,RwmHigher_Maths_EAL_Cohort_LA_Previous2_Num,"Reading, writing and maths higher standard",RwmHigher,English as an additional language,EAL,EES,0,0,KS2_Performance,Performance,,,,,,,,subject,Maths,,,,,,,,,,,,,
LA,23_KS2P_RWMHIG_NMO_LA,RwmHigher_NMo_Cohort_LA_Previous2_Num,"Reading, writing and maths higher standard",RwmHigher,Non-mobile,NMo,EES,0,0,KS2_Performance,Performance,,,,,,,,,,,,,,,,,,,,,,
LA,23_KS2P_RWMHIG_READ_NMO_LA,RwmHigher_Reading_NMo_Cohort_LA_Previous2_Num,"Reading, writing and maths higher standard",RwmHigher,Non-mobile,NMo,EES,0,0,KS2_Performance,Performance,,,,,,,,subject,Reading,,,,,,,,,,,,,
LA,23_KS2P_RWMHIG_WRIT_NMO_LA,RwmHigher_Writing_NMo_Cohort_LA_Previous2_Num,"Reading, writing and maths higher standard",RwmHigher,Non-mobile,NMo,EES,0,0,KS2_Performance,Performance,,,,,,,,subject,Writing,,,,,,,,,,,,,
LA,23_KS2P_RWMHIG_MATH_NMO_LA,RwmHigher_Maths_NMo_Cohort_LA_Previous2_Num,"Reading, writing and maths higher standard",RwmHigher,Non-mobile,NMo,EES,0,0,KS2_Performance,Performance,,,,,,,,subject,Maths,,,,,,,,,,,,,
LA,23_KS2P_RWMHIG_MOB_LA,RwmHigher_Mob_Cohort_LA_Previous2_Num,"Reading, writing and maths higher standard",RwmHigher,Mobile,Mob,EES,0,0,KS2_Performance,Performance,,,,,,,,,,,,,,,,,,,,,,
LA,23_KS2P_RWMHIG_READ_MOB_LA,RwmHigher_Reading_Mob_Cohort_LA_Previous2_Num,"Reading, writing and maths higher standard",RwmHigher,Mobile,Mob,EES,0,0,KS2_Performance,Performance,,,,,,,,subject,Reading,,,,,,,,,,,,,
LA,23_KS2P_RWMHIG_WRIT_MOB_LA,RwmHigher_Writing_Mob_Cohort_LA_Previous2_Num,"Reading, writing and maths higher standard",RwmHigher,Mobile,Mob,EES,0,0,KS2_Performance,Performance,,,,,,,,subject,Writing,,,,,,,,,,,,,
LA,23_KS2P_RWMHIG_MATH_MOB_LA,RwmHigher_Maths_Mob_Cohort_LA_Previous2_Num,"Reading, writing and maths higher standard",RwmHigher,Mobile,Mob,EES,0,0,KS2_Performance,Performance,,,,,,,,subject,Maths,,,,,,,,,,,,,
LA,23_KS2P_READSCA_TOT_LA,ReadingScaledScore_Tot_Cohort_LA_Previous2_Num,Reading scaled score,ReadingScaledScore,Total,Tot,EES,0,0,KS2_Performance,Performance,,,,,,,,,,,,,,,,,,,,,,
LA,23_KS2P_READSCA_BOY_LA,ReadingScaledScore_Boy_Cohort_LA_Previous2_Num,Reading scaled score,ReadingScaledScore,Boys,Boy,EES,0,0,KS2_Performance,Performance,,,,,,,,,,,,,,,,,,,,,,
LA,23_KS2P_READSCA_GRL_LA,ReadingScaledScore_Grl_Cohort_LA_Previous2_Num,Reading scaled score,ReadingScaledScore,Girls,Grl,EES,0,0,KS2_Performance,Performance,,,,,,,,,,,,,,,,,,,,,,
LA,23_KS2P_READSCA_DIS_LA,ReadingScaledScore_Dis_Cohort_LA_Previous2_Num,Reading scaled score,ReadingScaledScore,Disadvantaged,Dis,EES,0,0,KS2_Performance,Performance,,,,,,,,,,,,,,,,,,,,,,
LA,23_KS2P_READSCA_NDI_LA,ReadingScaledScore_NDi_Cohort_LA_Previous2_Num,Reading scaled score,ReadingScaledScore,Not disadvantaged,NDi,EES,0,0,KS2_Performance,Performance,,,,,,,,,,,,,,,,,,,,,,
LA,23_KS2P_READSCA_SENEHC_LA,ReadingScaledScore_SENEHC_Cohort_LA_Previous2_Num,Reading scaled score,ReadingScaledScore,SEN EHC,SENEHC,EES,0,0,KS2_Performance,Performance,,,,,,,,,,,,,,,,,,,,,,
LA,23_KS2P_READSCA_SENSUP_LA,ReadingScaledScore_SENSup_Cohort_LA_Previous2_Num,Reading scaled score,ReadingScaledScore,SEN support,SENSup,EES,0,0,KS2_Performance,Performance,,,,,,,,,,,,,,,,,,,,,,
LA,23_KS2P_READSCA_NOSEN_LA,ReadingScaledScore_NoSEN_Cohort_LA_Previous2_Num,Reading scaled score,ReadingScaledScore,No SEN,NoSEN,EES,0,0,KS2_Performance,Performance,,,,,,,,,,,,,,,,,,,,,,
LA,23_KS2P_READSCA_EFL_LA,ReadingScaledScore_EFL_Cohort_LA_Previous2_Num,Reading scaled score,ReadingScaledScore,English first language,EFL,EES,0,0,KS2_Performance,Performance,,,,,,,,,,,,,,,,,,,,,,
LA,23_KS2P_READSCA_EAL_LA,ReadingScaledScore_EAL_Cohort_LA_Previous2_Num,Reading scaled score,ReadingScaledScore,English as an additional language,EAL,EES,0,0,KS2_Performance,Performance,,,,,,,,,,,,,,,,,,,,,,
LA,23_KS2P_READSCA_NMO_LA,ReadingScaledScore_NMo_Cohort_LA_Previous2_Num,Reading scaled score,ReadingScaledScore,Non-mobile,NMo,EES,0,0,KS2_Performance,Performance,,,,,,,,,,,,,,,,,,,,,,
LA,23_KS2P_READSCA_MOB_LA,ReadingScaledScore_Mob_Cohort_LA_Previous2_Num,Reading scaled score,ReadingScaledScore,Mobile,Mob,EES,0,0,KS2_Performance,Performance,,,,,,,,,,,,,,,,,,,,,,
LA,23_KS2P_MATHSCA_TOT_LA,MathsScaledScore_Tot_Cohort_LA_Previous2_Num,Maths scaled score,MathsScaledScore,Total,Tot,EES,0,0,KS2_Performance,Performance,,,,,,,,,,,,,,,,,,,,,,
LA,23_KS2P_MATHSCA_BOY_LA,MathsScaledScore_Boy_Cohort_LA_Previous2_Num,Maths scaled score,MathsScaledScore,Boys,Boy,EES,0,0,KS2_Performance,Performance,,,,,,,,,,,,,,,,,,,,,,
LA,23_KS2P_MATHSCA_GRL_LA,MathsScaledScore_Grl_Cohort_LA_Previous2_Num,Maths scaled score,MathsScaledScore,Girls,Grl,EES,0,0,KS2_Performance,Performance,,,,,,,,,,,,,,,,,,,,,,
LA,23_KS2P_MATHSCA_DIS_LA,MathsScaledScore_Dis_Cohort_LA_Previous2_Num,Maths scaled score,MathsScaledScore,Disadvantaged,Dis,EES,0,0,KS2_Performance,Performance,,,,,,,,,,,,,,,,,,,,,,
LA,23_KS2P_MATHSCA_NDI_LA,MathsScaledScore_NDi_Cohort_LA_Previous2_Num,Maths scaled score,MathsScaledScore,Not disadvantaged,NDi,EES,0,0,KS2_Performance,Performance,,,,,,,,,,,,,,,,,,,,,,
LA,23_KS2P_MATHSCA_SENEHC_LA,MathsScaledScore_SENEHC_Cohort_LA_Previous2_Num,Maths scaled score,MathsScaledScore,SEN EHC,SENEHC,EES,0,0,KS2_Performance,Performance,,,,,,,,,,,,,,,,,,,,,,
LA,23_KS2P_MATHSCA_SENSUP_LA,MathsScaledScore_SENSup_Cohort_LA_Previous2_Num,Maths scaled score,MathsScaledScore,SEN support,SENSup,EES,0,0,KS2_Performance,Performance,,,,,,,,,,,,,,,,,,,,,,
LA,23_KS2P_MATHSCA_NOSEN_LA,MathsScaledScore_NoSEN_Cohort_LA_Previous2_Num,Maths scaled score,MathsScaledScore,No SEN,NoSEN,EES,0,0,KS2_Performance,Performance,,,,,,,,,,,,,,,,,,,,,,
LA,23_KS2P_MATHSCA_EFL_LA,MathsScaledScore_EFL_Cohort_LA_Previous2_Num,Maths scaled score,MathsScaledScore,English first language,EFL,EES,0,0,KS2_Performance,Performance,,,,,,,,,,,,,,,,,,,,,,
LA,23_KS2P_MATHSCA_EAL_LA,MathsScaledScore_EAL_Cohort_LA_Previous2_Num,Maths scaled score,MathsScaledScore,English as an additional language,EAL,EES,0,0,KS2_Performance,Performance,,,,,,,,,,,,,,,,,,,,,,
LA,23_KS2P_MATHSCA_NMO_LA,MathsScaledScore_NMo_Cohort_LA_Previous2_Num,Maths scaled score,MathsScaledScore,Non-mobile,NMo,EES,0,0,KS2_Performance,Performance,,,,,,,,,,,,,,,,,,,,,,
LA,23_KS2P_MATHSCA_MOB_LA,MathsScaledScore_Mob_Cohort_LA_Previous2_Num,Maths scaled score,MathsScaledScore,Mobile,Mob,EES,0,0,KS2_Performance,Performance,,,,,,,,,,,,,,,,,,,,,,
LA,23_KS2P_GPSEXP_TOT_LA,GpsExpected_Tot_Cohort_LA_Previous2_Num,"Grammar, punctuation and spelling expected standard",GpsExpected,Total,Tot,EES,0,0,KS2_Performance,Performance,,,,,,,,,,,,,,,,,,,,,,
LA,23_KS2P_GPSEXP_BOY_LA,GpsExpected_Boy_Cohort_LA_Previous2_Num,"Grammar, punctuation and spelling expected standard",GpsExpected,Boys,Boy,EES,0,0,KS2_Performance,Performance,,,,,,,,,,,,,,,,,,,,,,
LA,23_KS2P_GPSEXP_GRL_LA,GpsExpected_Grl_Cohort_LA_Previous2_Num,"Grammar, punctuation and spelling expected standard",GpsExpected,Girls,Grl,EES,0,0,KS2_Performance,Performance,,,,,,,,,,,,,,,,,,,,,,
LA,23_KS2P_GPSEXP_DIS_LA,GpsExpected_Dis_Cohort_LA_Previous2_Num,"Grammar, punctuation and spelling expected standard",GpsExpected,Disadvantaged,Dis,EES,0,0,KS2_Performance,Performance,,,,,,,,,,,,,,,,,,,,,,
LA,23_KS2P_GPSEXP_NDI_LA,GpsExpected_NDi_Cohort_LA_Previous2_Num,"Grammar, punctuation and spelling expected standard",GpsExpected,Not disadvantaged,NDi,EES,0,0,KS2_Performance,Performance,,,,,,,,,,,,,,,,,,,,,,
LA,23_KS2P_GPSEXP_SENEHC_LA,GpsExpected_SENEHC_Cohort_LA_Previous2_Num,"Grammar, punctuation and spelling expected standard",GpsExpected,SEN EHC,SENEHC,EES,0,0,KS2_Performance,Performance,,,,,,,,,,,,,,,,,,,,,,
LA,23_KS2P_GPSEXP_SENSUP_LA,GpsExpected_SENSup_Cohort_LA_Previous2_Num,"Grammar, punctuation and spelling expected standard",GpsExpected,SEN support,SENSup,EES,0,0,KS2_Performance,Performance,,,,,,,,,,,,,,,,,,,,,,
LA,23_KS2P_GPSEXP_NOSEN_LA,GpsExpected_NoSEN_Cohort_LA_Previous2_Num,"Grammar, punctuation and spelling expected standard",GpsExpected,No SEN,NoSEN,EES,0,0,KS2_Performance,Performance,,,,,,,,,,,,,,,,,,,,,,
LA,23_KS2P_GPSEXP_EFL_LA,GpsExpected_EFL_Cohort_LA_Previous2_Num,"Grammar, punctuation and spelling expected standard",GpsExpected,English first language,EFL,EES,0,0,KS2_Performance,Performance,,,,,,,,,,,,,,,,,,,,,,
LA,23_KS2P_GPSEXP_EAL_LA,GpsExpected_EAL_Cohort_LA_Previous2_Num,"Grammar, punctuation and spelling expected standard",GpsExpected,English as an additional language,EAL,EES,0,0,KS2_Performance,Performance,,,,,,,,,,,,,,,,,,,,,,
LA,23_KS2P_GPSEXP_NMO_LA,GpsExpected_NMo_Cohort_LA_Previous2_Num,"Grammar, punctuation and spelling expected standard",GpsExpected,Non-mobile,NMo,EES,0,0,KS2_Performance,Performance,,,,,,,,,,,,,,,,,,,,,,
LA,23_KS2P_GPSEXP_MOB_LA,GpsExpected_Mob_Cohort_LA_Previous2_Num,"Grammar, punctuation and spelling expected standard",GpsExpected,Mobile,Mob,EES,0,0,KS2_Performance,Performance,,,,,,,,,,,,,,,,,,,,,,
LA,23_KS2P_GPSHIG_TOT_LA,GpsHigher_Tot_Cohort_LA_Previous2_Num,"Grammar, punctuation and spelling higher standard",GpsHigher,Total,Tot,EES,0,0,KS2_Performance,Performance,,,,,,,,,,,,,,,,,,,,,,
LA,23_KS2P_GPSHIG_BOY_LA,GpsHigher_Boy_Cohort_LA_Previous2_Num,"Grammar, punctuation and spelling higher standard",GpsHigher,Boys,Boy,EES,0,0,KS2_Performance,Performance,,,,,,,,,,,,,,,,,,,,,,
LA,23_KS2P_GPSHIG_GRL_LA,GpsHigher_Grl_Cohort_LA_Previous2_Num,"Grammar, punctuation and spelling higher standard",GpsHigher,Girls,Grl,EES,0,0,KS2_Performance,Performance,,,,,,,,,,,,,,,,,,,,,,
LA,23_KS2P_GPSHIG_DIS_LA,GpsHigher_Dis_Cohort_LA_Previous2_Num,"Grammar, punctuation and spelling higher standard",GpsHigher,Disadvantaged,Dis,EES,0,0,KS2_Performance,Performance,,,,,,,,,,,,,,,,,,,,,,
LA,23_KS2P_GPSHIG_NDI_LA,GpsHigher_NDi_Cohort_LA_Previous2_Num,"Grammar, punctuation and spelling higher standard",GpsHigher,Not disadvantaged,NDi,EES,0,0,KS2_Performance,Performance,,,,,,,,,,,,,,,,,,,,,,
LA,23_KS2P_GPSHIG_SENEHC_LA,GpsHigher_SENEHC_Cohort_LA_Previous2_Num,"Grammar, punctuation and spelling higher standard",GpsHigher,SEN EHC,SENEHC,EES,0,0,KS2_Performance,Performance,,,,,,,,,,,,,,,,,,,,,,
LA,23_KS2P_GPSHIG_SENSUP_LA,GpsHigher_SENSup_Cohort_LA_Previous2_Num,"Grammar, punctuation and spelling higher standard",GpsHigher,SEN support,SENSup,EES,0,0,KS2_Performance,Performance,,,,,,,,,,,,,,,,,,,,,,
LA,23_KS2P_GPSHIG_NOSEN_LA,GpsHigher_NoSEN_Cohort_LA_Previous2_Num,"Grammar, punctuation and spelling higher standard",GpsHigher,No SEN,NoSEN,EES,0,0,KS2_Performance,Performance,,,,,,,,,,,,,,,,,,,,,,
LA,23_KS2P_GPSHIG_EFL_LA,GpsHigher_EFL_Cohort_LA_Previous2_Num,"Grammar, punctuation and spelling higher standard",GpsHigher,English first language,EFL,EES,0,0,KS2_Performance,Performance,,,,,,,,,,,,,,,,,,,,,,
LA,23_KS2P_GPSHIG_EAL_LA,GpsHigher_EAL_Cohort_LA_Previous2_Num,"Grammar, punctuation and spelling higher standard",GpsHigher,English as an additional language,EAL,EES,0,0,KS2_Performance,Performance,,,,,,,,,,,,,,,,,,,,,,
LA,23_KS2P_GPSHIG_NMO_LA,GpsHigher_NMo_Cohort_LA_Previous2_Num,"Grammar, punctuation and spelling higher standard",GpsHigher,Non-mobile,NMo,EES,0,0,KS2_Performance,Performance,,,,,,,,,,,,,,,,,,,,,,
LA,23_KS2P_GPSHIG_MOB_LA,GpsHigher_Mob_Cohort_LA_Previous2_Num,"Grammar, punctuation and spelling higher standard",GpsHigher,Mobile,Mob,EES,0,0,KS2_Performance,Performance,,,,,,,,,,,,,,,,,,,,,,
Establishment,25_KS2P_RWMEXP_TOT_EST,RwmExpected_Tot_Cohort_Est_Current_Num,"Reading, writing and maths expected standard",RwmExpected,Total,Tot,EES,0,0,KS2_Performance,Performance,,,,,,,,,,,,,,,,,,,,,,
Establishment,25_KS2P_RWMEXP_READ_TOT_EST,RwmExpected_Reading_Tot_Cohort_Est_Current_Num,"Reading, writing and maths expected standard",RwmExpected,Total,Tot,EES,0,0,KS2_Performance,Performance,,,,,,,,subject,Reading,,,,,,,,,,,,,
Establishment,25_KS2P_RWMEXP_WRIT_TOT_EST,RwmExpected_Writing_Tot_Cohort_Est_Current_Num,"Reading, writing and maths expected standard",RwmExpected,Total,Tot,EES,0,0,KS2_Performance,Performance,,,,,,,,subject,Writing,,,,,,,,,,,,,
Establishment,25_KS2P_RWMEXP_MATH_TOT_EST,RwmExpected_Maths_Tot_Cohort_Est_Current_Num,"Reading, writing and maths expected standard",RwmExpected,Total,Tot,EES,0,0,KS2_Performance,Performance,,,,,,,,subject,Maths,,,,,,,,,,,,,
Establishment,25_KS2P_RWMEXP_BOY_EST,RwmExpected_Boy_Cohort_Est_Current_Num,"Reading, writing and maths expected standard",RwmExpected,Boys,Boy,EES,0,0,KS2_Performance,Performance,,,,,,,,,,,,,,,,,,,,,,
Establishment,25_KS2P_RWMEXP_READ_BOY_EST,RwmExpected_Reading_Boy_Cohort_Est_Current_Num,"Reading, writing and maths expected standard",RwmExpected,Boys,Boy,EES,0,0,KS2_Performance,Performance,,,,,,,,subject,Reading,,,,,,,,,,,,,
Establishment,25_KS2P_RWMEXP_WRIT_BOY_EST,RwmExpected_Writing_Boy_Cohort_Est_Current_Num,"Reading, writing and maths expected standard",RwmExpected,Boys,Boy,EES,0,0,KS2_Performance,Performance,,,,,,,,subject,Writing,,,,,,,,,,,,,
Establishment,25_KS2P_RWMEXP_MATH_BOY_EST,RwmExpected_Maths_Boy_Cohort_Est_Current_Num,"Reading, writing and maths expected standard",RwmExpected,Boys,Boy,EES,0,0,KS2_Performance,Performance,,,,,,,,subject,Maths,,,,,,,,,,,,,
Establishment,25_KS2P_RWMEXP_GRL_EST,RwmExpected_Grl_Cohort_Est_Current_Num,"Reading, writing and maths expected standard",RwmExpected,Girls,Grl,EES,0,0,KS2_Performance,Performance,,,,,,,,,,,,,,,,,,,,,,
Establishment,25_KS2P_RWMEXP_READ_GRL_EST,RwmExpected_Reading_Grl_Cohort_Est_Current_Num,"Reading, writing and maths expected standard",RwmExpected,Girls,Grl,EES,0,0,KS2_Performance,Performance,,,,,,,,subject,Reading,,,,,,,,,,,,,
Establishment,25_KS2P_RWMEXP_WRIT_GRL_EST,RwmExpected_Writing_Grl_Cohort_Est_Current_Num,"Reading, writing and maths expected standard",RwmExpected,Girls,Grl,EES,0,0,KS2_Performance,Performance,,,,,,,,subject,Writing,,,,,,,,,,,,,
Establishment,25_KS2P_RWMEXP_MATH_GRL_EST,RwmExpected_Maths_Grl_Cohort_Est_Current_Num,"Reading, writing and maths expected standard",RwmExpected,Girls,Grl,EES,0,0,KS2_Performance,Performance,,,,,,,,subject,Maths,,,,,,,,,,,,,
Establishment,25_KS2P_RWMEXP_DIS_EST,RwmExpected_Dis_Cohort_Est_Current_Num,"Reading, writing and maths expected standard",RwmExpected,Disadvantaged,Dis,EES,0,0,KS2_Performance,Performance,,,,,,,,,,,,,,,,,,,,,,
Establishment,25_KS2P_RWMEXP_READ_DIS_EST,RwmExpected_Reading_Dis_Cohort_Est_Current_Num,"Reading, writing and maths expected standard",RwmExpected,Disadvantaged,Dis,EES,0,0,KS2_Performance,Performance,,,,,,,,subject,Reading,,,,,,,,,,,,,
Establishment,25_KS2P_RWMEXP_WRIT_DIS_EST,RwmExpected_Writing_Dis_Cohort_Est_Current_Num,"Reading, writing and maths expected standard",RwmExpected,Disadvantaged,Dis,EES,0,0,KS2_Performance,Performance,,,,,,,,subject,Writing,,,,,,,,,,,,,
Establishment,25_KS2P_RWMEXP_MATH_DIS_EST,RwmExpected_Maths_Dis_Cohort_Est_Current_Num,"Reading, writing and maths expected standard",RwmExpected,Disadvantaged,Dis,EES,0,0,KS2_Performance,Performance,,,,,,,,subject,Maths,,,,,,,,,,,,,
Establishment,25_KS2P_RWMEXP_NDI_EST,RwmExpected_NDi_Cohort_Est_Current_Num,"Reading, writing and maths expected standard",RwmExpected,Not disadvantaged,NDi,EES,0,0,KS2_Performance,Performance,,,,,,,,,,,,,,,,,,,,,,
Establishment,25_KS2P_RWMEXP_READ_NDI_EST,RwmExpected_Reading_NDi_Cohort_Est_Current_Num,"Reading, writing and maths expected standard",RwmExpected,Not disadvantaged,NDi,EES,0,0,KS2_Performance,Performance,,,,,,,,subject,Reading,,,,,,,,,,,,,
Establishment,25_KS2P_RWMEXP_WRIT_NDI_EST,RwmExpected_Writing_NDi_Cohort_Est_Current_Num,"Reading, writing and maths expected standard",RwmExpected,Not disadvantaged,NDi,EES,0,0,KS2_Performance,Performance,,,,,,,,subject,Writing,,,,,,,,,,,,,
Establishment,25_KS2P_RWMEXP_MATH_NDI_EST,RwmExpected_Maths_NDi_Cohort_Est_Current_Num,"Reading, writing and maths expected standard",RwmExpected,Not disadvantaged,NDi,EES,0,0,KS2_Performance,Performance,,,,,,,,subject,Maths,,,,,,,,,,,,,
Establishment,25_KS2P_RWMEXP_SENEHC_EST,RwmExpected_SENEHC_Cohort_Est_Current_Num,"Reading, writing and maths expected standard",RwmExpected,SEN EHC,SENEHC,EES,0,0,KS2_Performance,Performance,,,,,,,,,,,,,,,,,,,,,,
Establishment,25_KS2P_RWMEXP_READ_SENEHC_EST,RwmExpected_Reading_SENEHC_Cohort_Est_Current_Num,"Reading, writing and maths expected standard",RwmExpected,SEN EHC,SENEHC,EES,0,0,KS2_Performance,Performance,,,,,,,,subject,Reading,,,,,,,,,,,,,
Establishment,25_KS2P_RWMEXP_WRIT_SENEHC_EST,RwmExpected_Writing_SENEHC_Cohort_Est_Current_Num,"Reading, writing and maths expected standard",RwmExpected,SEN EHC,SENEHC,EES,0,0,KS2_Performance,Performance,,,,,,,,subject,Writing,,,,,,,,,,,,,
Establishment,25_KS2P_RWMEXP_MATH_SENEHC_EST,RwmExpected_Maths_SENEHC_Cohort_Est_Current_Num,"Reading, writing and maths expected standard",RwmExpected,SEN EHC,SENEHC,EES,0,0,KS2_Performance,Performance,,,,,,,,subject,Maths,,,,,,,,,,,,,
Establishment,25_KS2P_RWMEXP_SENSUP_EST,RwmExpected_SENSup_Cohort_Est_Current_Num,"Reading, writing and maths expected standard",RwmExpected,SEN support,SENSup,EES,0,0,KS2_Performance,Performance,,,,,,,,,,,,,,,,,,,,,,
Establishment,25_KS2P_RWMEXP_READ_SENSUP_EST,RwmExpected_Reading_SENSup_Cohort_Est_Current_Num,"Reading, writing and maths expected standard",RwmExpected,SEN support,SENSup,EES,0,0,KS2_Performance,Performance,,,,,,,,subject,Reading,,,,,,,,,,,,,
Establishment,25_KS2P_RWMEXP_WRIT_SENSUP_EST,RwmExpected_Writing_SENSup_Cohort_Est_Current_Num,"Reading, writing and maths expected standard",RwmExpected,SEN support,SENSup,EES,0,0,KS2_Performance,Performance,,,,,,,,subject,Writing,,,,,,,,,,,,,
Establishment,25_KS2P_RWMEXP_MATH_SENSUP_EST,RwmExpected_Maths_SENSup_Cohort_Est_Current_Num,"Reading, writing and maths expected standard",RwmExpected,SEN support,SENSup,EES,0,0,KS2_Performance,Performance,,,,,,,,subject,Maths,,,,,,,,,,,,,
Establishment,25_KS2P_RWMEXP_NOSEN_EST,RwmExpected_NoSEN_Cohort_Est_Current_Num,"Reading, writing and maths expected standard",RwmExpected,No SEN,NoSEN,EES,0,0,KS2_Performance,Performance,,,,,,,,,,,,,,,,,,,,,,
Establishment,25_KS2P_RWMEXP_READ_NOSEN_EST,RwmExpected_Reading_NoSEN_Cohort_Est_Current_Num,"Reading, writing and maths expected standard",RwmExpected,No SEN,NoSEN,EES,0,0,KS2_Performance,Performance,,,,,,,,subject,Reading,,,,,,,,,,,,,
Establishment,25_KS2P_RWMEXP_WRIT_NOSEN_EST,RwmExpected_Writing_NoSEN_Cohort_Est_Current_Num,"Reading, writing and maths expected standard",RwmExpected,No SEN,NoSEN,EES,0,0,KS2_Performance,Performance,,,,,,,,subject,Writing,,,,,,,,,,,,,
Establishment,25_KS2P_RWMEXP_MATH_NOSEN_EST,RwmExpected_Maths_NoSEN_Cohort_Est_Current_Num,"Reading, writing and maths expected standard",RwmExpected,No SEN,NoSEN,EES,0,0,KS2_Performance,Performance,,,,,,,,subject,Maths,,,,,,,,,,,,,
Establishment,25_KS2P_RWMEXP_EFL_EST,RwmExpected_EFL_Cohort_Est_Current_Num,"Reading, writing and maths expected standard",RwmExpected,English first language,EFL,EES,0,0,KS2_Performance,Performance,,,,,,,,,,,,,,,,,,,,,,
Establishment,25_KS2P_RWMEXP_READ_EFL_EST,RwmExpected_Reading_EFL_Cohort_Est_Current_Num,"Reading, writing and maths expected standard",RwmExpected,English first language,EFL,EES,0,0,KS2_Performance,Performance,,,,,,,,subject,Reading,,,,,,,,,,,,,
Establishment,25_KS2P_RWMEXP_WRIT_EFL_EST,RwmExpected_Writing_EFL_Cohort_Est_Current_Num,"Reading, writing and maths expected standard",RwmExpected,English first language,EFL,EES,0,0,KS2_Performance,Performance,,,,,,,,subject,Writing,,,,,,,,,,,,,
Establishment,25_KS2P_RWMEXP_MATH_EFL_EST,RwmExpected_Maths_EFL_Cohort_Est_Current_Num,"Reading, writing and maths expected standard",RwmExpected,English first language,EFL,EES,0,0,KS2_Performance,Performance,,,,,,,,subject,Maths,,,,,,,,,,,,,
Establishment,25_KS2P_RWMEXP_EAL_EST,RwmExpected_EAL_Cohort_Est_Current_Num,"Reading, writing and maths expected standard",RwmExpected,English as an additional language,EAL,EES,0,0,KS2_Performance,Performance,,,,,,,,,,,,,,,,,,,,,,
Establishment,25_KS2P_RWMEXP_READ_EAL_EST,RwmExpected_Reading_EAL_Cohort_Est_Current_Num,"Reading, writing and maths expected standard",RwmExpected,English as an additional language,EAL,EES,0,0,KS2_Performance,Performance,,,,,,,,subject,Reading,,,,,,,,,,,,,
Establishment,25_KS2P_RWMEXP_WRIT_EAL_EST,RwmExpected_Writing_EAL_Cohort_Est_Current_Num,"Reading, writing and maths expected standard",RwmExpected,English as an additional language,EAL,EES,0,0,KS2_Performance,Performance,,,,,,,,subject,Writing,,,,,,,,,,,,,
Establishment,25_KS2P_RWMEXP_MATH_EAL_EST,RwmExpected_Maths_EAL_Cohort_Est_Current_Num,"Reading, writing and maths expected standard",RwmExpected,English as an additional language,EAL,EES,0,0,KS2_Performance,Performance,,,,,,,,subject,Maths,,,,,,,,,,,,,
Establishment,25_KS2P_RWMEXP_NMO_EST,RwmExpected_NMo_Cohort_Est_Current_Num,"Reading, writing and maths expected standard",RwmExpected,Non-mobile,NMo,EES,0,0,KS2_Performance,Performance,,,,,,,,,,,,,,,,,,,,,,
Establishment,25_KS2P_RWMEXP_READ_NMO_EST,RwmExpected_Reading_NMo_Cohort_Est_Current_Num,"Reading, writing and maths expected standard",RwmExpected,Non-mobile,NMo,EES,0,0,KS2_Performance,Performance,,,,,,,,subject,Reading,,,,,,,,,,,,,
Establishment,25_KS2P_RWMEXP_WRIT_NMO_EST,RwmExpected_Writing_NMo_Cohort_Est_Current_Num,"Reading, writing and maths expected standard",RwmExpected,Non-mobile,NMo,EES,0,0,KS2_Performance,Performance,,,,,,,,subject,Writing,,,,,,,,,,,,,
Establishment,25_KS2P_RWMEXP_MATH_NMO_EST,RwmExpected_Maths_NMo_Cohort_Est_Current_Num,"Reading, writing and maths expected standard",RwmExpected,Non-mobile,NMo,EES,0,0,KS2_Performance,Performance,,,,,,,,subject,Maths,,,,,,,,,,,,,
Establishment,25_KS2P_RWMEXP_MOB_EST,RwmExpected_Mob_Cohort_Est_Current_Num,"Reading, writing and maths expected standard",RwmExpected,Mobile,Mob,EES,0,0,KS2_Performance,Performance,,,,,,,,,,,,,,,,,,,,,,
Establishment,25_KS2P_RWMEXP_READ_MOB_EST,RwmExpected_Reading_Mob_Cohort_Est_Current_Num,"Reading, writing and maths expected standard",RwmExpected,Mobile,Mob,EES,0,0,KS2_Performance,Performance,,,,,,,,subject,Reading,,,,,,,,,,,,,
Establishment,25_KS2P_RWMEXP_WRIT_MOB_EST,RwmExpected_Writing_Mob_Cohort_Est_Current_Num,"Reading, writing and maths expected standard",RwmExpected,Mobile,Mob,EES,0,0,KS2_Performance,Performance,,,,,,,,subject,Writing,,,,,,,,,,,,,
Establishment,25_KS2P_RWMEXP_MATH_MOB_EST,RwmExpected_Maths_Mob_Cohort_Est_Current_Num,"Reading, writing and maths expected standard",RwmExpected,Mobile,Mob,EES,0,0,KS2_Performance,Performance,,,,,,,,subject,Maths,,,,,,,,,,,,,
Establishment,25_KS2P_RWMHIG_TOT_EST,RwmHigher_Tot_Cohort_Est_Current_Num,"Reading, writing and maths higher standard",RwmHigher,Total,Tot,EES,0,0,KS2_Performance,Performance,,,,,,,,,,,,,,,,,,,,,,
Establishment,25_KS2P_RWMHIG_READ_TOT_EST,RwmHigher_Reading_Tot_Cohort_Est_Current_Num,"Reading, writing and maths higher standard",RwmHigher,Total,Tot,EES,0,0,KS2_Performance,Performance,,,,,,,,subject,Reading,,,,,,,,,,,,,
Establishment,25_KS2P_RWMHIG_WRIT_TOT_EST,RwmHigher_Writing_Tot_Cohort_Est_Current_Num,"Reading, writing and maths higher standard",RwmHigher,Total,Tot,EES,0,0,KS2_Performance,Performance,,,,,,,,subject,Writing,,,,,,,,,,,,,
Establishment,25_KS2P_RWMHIG_MATH_TOT_EST,RwmHigher_Maths_Tot_Cohort_Est_Current_Num,"Reading, writing and maths higher standard",RwmHigher,Total,Tot,EES,0,0,KS2_Performance,Performance,,,,,,,,subject,Maths,,,,,,,,,,,,,
Establishment,25_KS2P_RWMHIG_BOY_EST,RwmHigher_Boy_Cohort_Est_Current_Num,"Reading, writing and maths higher standard",RwmHigher,Boys,Boy,EES,0,0,KS2_Performance,Performance,,,,,,,,,,,,,,,,,,,,,,
Establishment,25_KS2P_RWMHIG_READ_BOY_EST,RwmHigher_Reading_Boy_Cohort_Est_Current_Num,"Reading, writing and maths higher standard",RwmHigher,Boys,Boy,EES,0,0,KS2_Performance,Performance,,,,,,,,subject,Reading,,,,,,,,,,,,,
Establishment,25_KS2P_RWMHIG_WRIT_BOY_EST,RwmHigher_Writing_Boy_Cohort_Est_Current_Num,"Reading, writing and maths higher standard",RwmHigher,Boys,Boy,EES,0,0,KS2_Performance,Performance,,,,,,,,subject,Writing,,,,,,,,,,,,,
Establishment,25_KS2P_RWMHIG_MATH_BOY_EST,RwmHigher_Maths_Boy_Cohort_Est_Current_Num,"Reading, writing and maths higher standard",RwmHigher,Boys,Boy,EES,0,0,KS2_Performance,Performance,,,,,,,,subject,Maths,,,,,,,,,,,,,
Establishment,25_KS2P_RWMHIG_GRL_EST,RwmHigher_Grl_Cohort_Est_Current_Num,"Reading, writing and maths higher standard",RwmHigher,Girls,Grl,EES,0,0,KS2_Performance,Performance,,,,,,,,,,,,,,,,,,,,,,
Establishment,25_KS2P_RWMHIG_READ_GRL_EST,RwmHigher_Reading_Grl_Cohort_Est_Current_Num,"Reading, writing and maths higher standard",RwmHigher,Girls,Grl,EES,0,0,KS2_Performance,Performance,,,,,,,,subject,Reading,,,,,,,,,,,,,
Establishment,25_KS2P_RWMHIG_WRIT_GRL_EST,RwmHigher_Writing_Grl_Cohort_Est_Current_Num,"Reading, writing and maths higher standard",RwmHigher,Girls,Grl,EES,0,0,KS2_Performance,Performance,,,,,,,,subject,Writing,,,,,,,,,,,,,
Establishment,25_KS2P_RWMHIG_MATH_GRL_EST,RwmHigher_Maths_Grl_Cohort_Est_Current_Num,"Reading, writing and maths higher standard",RwmHigher,Girls,Grl,EES,0,0,KS2_Performance,Performance,,,,,,,,subject,Maths,,,,,,,,,,,,,
Establishment,25_KS2P_RWMHIG_DIS_EST,RwmHigher_Dis_Cohort_Est_Current_Num,"Reading, writing and maths higher standard",RwmHigher,Disadvantaged,Dis,EES,0,0,KS2_Performance,Performance,,,,,,,,,,,,,,,,,,,,,,
Establishment,25_KS2P_RWMHIG_READ_DIS_EST,RwmHigher_Reading_Dis_Cohort_Est_Current_Num,"Reading, writing and maths higher standard",RwmHigher,Disadvantaged,Dis,EES,0,0,KS2_Performance,Performance,,,,,,,,subject,Reading,,,,,,,,,,,,,
Establishment,25_KS2P_RWMHIG_WRIT_DIS_EST,RwmHigher_Writing_Dis_Cohort_Est_Current_Num,"Reading, writing and maths higher standard",RwmHigher,Disadvantaged,Dis,EES,0,0,KS2_Performance,Performance,,,,,,,,subject,Writing,,,,,,,,,,,,,
Establishment,25_KS2P_RWMHIG_MATH_DIS_EST,RwmHigher_Maths_Dis_Cohort_Est_Current_Num,"Reading, writing and maths higher standard",RwmHigher,Disadvantaged,Dis,EES,0,0,KS2_Performance,Performance,,,,,,,,subject,Maths,,,,,,,,,,,,,
Establishment,25_KS2P_RWMHIG_NDI_EST,RwmHigher_NDi_Cohort_Est_Current_Num,"Reading, writing and maths higher standard",RwmHigher,Not disadvantaged,NDi,EES,0,0,KS2_Performance,Performance,,,,,,,,,,,,,,,,,,,,,,
Establishment,25_KS2P_RWMHIG_READ_NDI_EST,RwmHigher_Reading_NDi_Cohort_Est_Current_Num,"Reading, writing and maths higher standard",RwmHigher,Not disadvantaged,NDi,EES,0,0,KS2_Performance,Performance,,,,,,,,subject,Reading,,,,,,,,,,,,,
Establishment,25_KS2P_RWMHIG_WRIT_NDI_EST,RwmHigher_Writing_NDi_Cohort_Est_Current_Num,"Reading, writing and maths higher standard",RwmHigher,Not disadvantaged,NDi,EES,0,0,KS2_Performance,Performance,,,,,,,,subject,Writing,,,,,,,,,,,,,
Establishment,25_KS2P_RWMHIG_MATH_NDI_EST,RwmHigher_Maths_NDi_Cohort_Est_Current_Num,"Reading, writing and maths higher standard",RwmHigher,Not disadvantaged,NDi,EES,0,0,KS2_Performance,Performance,,,,,,,,subject,Maths,,,,,,,,,,,,,
Establishment,25_KS2P_RWMHIG_SENEHC_EST,RwmHigher_SENEHC_Cohort_Est_Current_Num,"Reading, writing and maths higher standard",RwmHigher,SEN EHC,SENEHC,EES,0,0,KS2_Performance,Performance,,,,,,,,,,,,,,,,,,,,,,
Establishment,25_KS2P_RWMHIG_READ_SENEHC_EST,RwmHigher_Reading_SENEHC_Cohort_Est_Current_Num,"Reading, writing and maths higher standard",RwmHigher,SEN EHC,SENEHC,EES,0,0,KS2_Performance,Performance,,,,,,,,subject,Reading,,,,,,,,,,,,,
Establishment,25_KS2P_RWMHIG_WRIT_SENEHC_EST,RwmHigher_Writing_SENEHC_Cohort_Est_Current_Num,"Reading, writing and maths higher standard",RwmHigher,SEN EHC,SENEHC,EES,0,0,KS2_Performance,Performance,,,,,,,,subject,Writing,,,,,,,,,,,,,
Establishment,25_KS2P_RWMHIG_MATH_SENEHC_EST,RwmHigher_Maths_SENEHC_Cohort_Est_Current_Num,"Reading, writing and maths higher standard",RwmHigher,SEN EHC,SENEHC,EES,0,0,KS2_Performance,Performance,,,,,,,,subject,Maths,,,,,,,,,,,,,
Establishment,25_KS2P_RWMHIG_SENSUP_EST,RwmHigher_SENSup_Cohort_Est_Current_Num,"Reading, writing and maths higher standard",RwmHigher,SEN support,SENSup,EES,0,0,KS2_Performance,Performance,,,,,,,,,,,,,,,,,,,,,,
Establishment,25_KS2P_RWMHIG_READ_SENSUP_EST,RwmHigher_Reading_SENSup_Cohort_Est_Current_Num,"Reading, writing and maths higher standard",RwmHigher,SEN support,SENSup,EES,0,0,KS2_Performance,Performance,,,,,,,,subject,Reading,,,,,,,,,,,,,
Establishment,25_KS2P_RWMHIG_WRIT_SENSUP_EST,RwmHigher_Writing_SENSup_Cohort_Est_Current_Num,"Reading, writing and maths higher standard",RwmHigher,SEN support,SENSup,EES,0,0,KS2_Performance,Performance,,,,,,,,subject,Writing,,,,,,,,,,,,,
Establishment,25_KS2P_RWMHIG_MATH_SENSUP_EST,RwmHigher_Maths_SENSup_Cohort_Est_Current_Num,"Reading, writing and maths higher standard",RwmHigher,SEN support,SENSup,EES,0,0,KS2_Performance,Performance,,,,,,,,subject,Maths,,,,,,,,,,,,,
Establishment,25_KS2P_RWMHIG_NOSEN_EST,RwmHigher_NoSEN_Cohort_Est_Current_Num,"Reading, writing and maths higher standard",RwmHigher,No SEN,NoSEN,EES,0,0,KS2_Performance,Performance,,,,,,,,,,,,,,,,,,,,,,
Establishment,25_KS2P_RWMHIG_READ_NOSEN_EST,RwmHigher_Reading_NoSEN_Cohort_Est_Current_Num,"Reading, writing and maths higher standard",RwmHigher,No SEN,NoSEN,EES,0,0,KS2_Performance,Performance,,,,,,,,subject,Reading,,,,,,,,,,,,,
Establishment,25_KS2P_RWMHIG_WRIT_NOSEN_EST,RwmHigher_Writing_NoSEN_Cohort_Est_Current_Num,"Reading, writing and maths higher standard",RwmHigher,No SEN,NoSEN,EES,0,0,KS2_Performance,Performance,,,,,,,,subject,Writing,,,,,,,,,,,,,
Establishment,25_KS2P_RWMHIG_MATH_NOSEN_EST,RwmHigher_Maths_NoSEN_Cohort_Est_Current_Num,"Reading, writing and maths higher standard",RwmHigher,No SEN,NoSEN,EES,0,0,KS2_Performance,Performance,,,,,,,,subject,Maths,,,,,,,,,,,,,
Establishment,25_KS2P_RWMHIG_EFL_EST,RwmHigher_EFL_Cohort_Est_Current_Num,"Reading, writing and maths higher standard",RwmHigher,English first language,EFL,EES,0,0,KS2_Performance,Performance,,,,,,,,,,,,,,,,,,,,,,
Establishment,25_KS2P_RWMHIG_READ_EFL_EST,RwmHigher_Reading_EFL_Cohort_Est_Current_Num,"Reading, writing and maths higher standard",RwmHigher,English first language,EFL,EES,0,0,KS2_Performance,Performance,,,,,,,,subject,Reading,,,,,,,,,,,,,
Establishment,25_KS2P_RWMHIG_WRIT_EFL_EST,RwmHigher_Writing_EFL_Cohort_Est_Current_Num,"Reading, writing and maths higher standard",RwmHigher,English first language,EFL,EES,0,0,KS2_Performance,Performance,,,,,,,,subject,Writing,,,,,,,,,,,,,
Establishment,25_KS2P_RWMHIG_MATH_EFL_EST,RwmHigher_Maths_EFL_Cohort_Est_Current_Num,"Reading, writing and maths higher standard",RwmHigher,English first language,EFL,EES,0,0,KS2_Performance,Performance,,,,,,,,subject,Maths,,,,,,,,,,,,,
Establishment,25_KS2P_RWMHIG_EAL_EST,RwmHigher_EAL_Cohort_Est_Current_Num,"Reading, writing and maths higher standard",RwmHigher,English as an additional language,EAL,EES,0,0,KS2_Performance,Performance,,,,,,,,,,,,,,,,,,,,,,
Establishment,25_KS2P_RWMHIG_READ_EAL_EST,RwmHigher_Reading_EAL_Cohort_Est_Current_Num,"Reading, writing and maths higher standard",RwmHigher,English as an additional language,EAL,EES,0,0,KS2_Performance,Performance,,,,,,,,subject,Reading,,,,,,,,,,,,,
Establishment,25_KS2P_RWMHIG_WRIT_EAL_EST,RwmHigher_Writing_EAL_Cohort_Est_Current_Num,"Reading, writing and maths higher standard",RwmHigher,English as an additional language,EAL,EES,0,0,KS2_Performance,Performance,,,,,,,,subject,Writing,,,,,,,,,,,,,
Establishment,25_KS2P_RWMHIG_MATH_EAL_EST,RwmHigher_Maths_EAL_Cohort_Est_Current_Num,"Reading, writing and maths higher standard",RwmHigher,English as an additional language,EAL,EES,0,0,KS2_Performance,Performance,,,,,,,,subject,Maths,,,,,,,,,,,,,
Establishment,25_KS2P_RWMHIG_NMO_EST,RwmHigher_NMo_Cohort_Est_Current_Num,"Reading, writing and maths higher standard",RwmHigher,Non-mobile,NMo,EES,0,0,KS2_Performance,Performance,,,,,,,,,,,,,,,,,,,,,,
Establishment,25_KS2P_RWMHIG_READ_NMO_EST,RwmHigher_Reading_NMo_Cohort_Est_Current_Num,"Reading, writing and maths higher standard",RwmHigher,Non-mobile,NMo,EES,0,0,KS2_Performance,Performance,,,,,,,,subject,Reading,,,,,,,,,,,,,
Establishment,25_KS2P_RWMHIG_WRIT_NMO_EST,RwmHigher_Writing_NMo_Cohort_Est_Current_Num,"Reading, writing and maths higher standard",RwmHigher,Non-mobile,NMo,EES,0,0,KS2_Performance,Performance,,,,,,,,subject,Writing,,,,,,,,,,,,,
Establishment,25_KS2P_RWMHIG_MATH_NMO_EST,RwmHigher_Maths_NMo_Cohort_Est_Current_Num,"Reading, writing and maths higher standard",RwmHigher,Non-mobile,NMo,EES,0,0,KS2_Performance,Performance,,,,,,,,subject,Maths,,,,,,,,,,,,,
Establishment,25_KS2P_RWMHIG_MOB_EST,RwmHigher_Mob_Cohort_Est_Current_Num,"Reading, writing and maths higher standard",RwmHigher,Mobile,Mob,EES,0,0,KS2_Performance,Performance,,,,,,,,,,,,,,,,,,,,,,
Establishment,25_KS2P_RWMHIG_READ_MOB_EST,RwmHigher_Reading_Mob_Cohort_Est_Current_Num,"Reading, writing and maths higher standard",RwmHigher,Mobile,Mob,EES,0,0,KS2_Performance,Performance,,,,,,,,subject,Reading,,,,,,,,,,,,,
Establishment,25_KS2P_RWMHIG_WRIT_MOB_EST,RwmHigher_Writing_Mob_Cohort_Est_Current_Num,"Reading, writing and maths higher standard",RwmHigher,Mobile,Mob,EES,0,0,KS2_Performance,Performance,,,,,,,,subject,Writing,,,,,,,,,,,,,
Establishment,25_KS2P_RWMHIG_MATH_MOB_EST,RwmHigher_Maths_Mob_Cohort_Est_Current_Num,"Reading, writing and maths higher standard",RwmHigher,Mobile,Mob,EES,0,0,KS2_Performance,Performance,,,,,,,,subject,Maths,,,,,,,,,,,,,
Establishment,25_KS2P_READSCA_TOT_EST,ReadingScaledScore_Tot_Cohort_Est_Current_Num,Reading scaled score,ReadingScaledScore,Total,Tot,EES,0,0,KS2_Performance,Performance,,,,,,,,,,,,,,,,,,,,,,
Establishment,25_KS2P_READSCA_BOY_EST,ReadingScaledScore_Boy_Cohort_Est_Current_Num,Reading scaled score,ReadingScaledScore,Boys,Boy,EES,0,0,KS2_Performance,Performance,,,,,,,,,,,,,,,,,,,,,,
Establishment,25_KS2P_READSCA_GRL_EST,ReadingScaledScore_Grl_Cohort_Est_Current_Num,Reading scaled score,ReadingScaledScore,Girls,Grl,EES,0,0,KS2_Performance,Performance,,,,,,,,,,,,,,,,,,,,,,
Establishment,25_KS2P_READSCA_DIS_EST,ReadingScaledScore_Dis_Cohort_Est_Current_Num,Reading scaled score,ReadingScaledScore,Disadvantaged,Dis,EES,0,0,KS2_Performance,Performance,,,,,,,,,,,,,,,,,,,,,,
Establishment,25_KS2P_READSCA_NDI_EST,ReadingScaledScore_NDi_Cohort_Est_Current_Num,Reading scaled score,ReadingScaledScore,Not disadvantaged,NDi,EES,0,0,KS2_Performance,Performance,,,,,,,,,,,,,,,,,,,,,,
Establishment,25_KS2P_READSCA_SENEHC_EST,ReadingScaledScore_SENEHC_Cohort_Est_Current_Num,Reading scaled score,ReadingScaledScore,SEN EHC,SENEHC,EES,0,0,KS2_Performance,Performance,,,,,,,,,,,,,,,,,,,,,,
Establishment,25_KS2P_READSCA_SENSUP_EST,ReadingScaledScore_SENSup_Cohort_Est_Current_Num,Reading scaled score,ReadingScaledScore,SEN support,SENSup,EES,0,0,KS2_Performance,Performance,,,,,,,,,,,,,,,,,,,,,,
Establishment,25_KS2P_READSCA_NOSEN_EST,ReadingScaledScore_NoSEN_Cohort_Est_Current_Num,Reading scaled score,ReadingScaledScore,No SEN,NoSEN,EES,0,0,KS2_Performance,Performance,,,,,,,,,,,,,,,,,,,,,,
Establishment,25_KS2P_READSCA_EFL_EST,ReadingScaledScore_EFL_Cohort_Est_Current_Num,Reading scaled score,ReadingScaledScore,English first language,EFL,EES,0,0,KS2_Performance,Performance,,,,,,,,,,,,,,,,,,,,,,
Establishment,25_KS2P_READSCA_EAL_EST,ReadingScaledScore_EAL_Cohort_Est_Current_Num,Reading scaled score,ReadingScaledScore,English as an additional language,EAL,EES,0,0,KS2_Performance,Performance,,,,,,,,,,,,,,,,,,,,,,
Establishment,25_KS2P_READSCA_NMO_EST,ReadingScaledScore_NMo_Cohort_Est_Current_Num,Reading scaled score,ReadingScaledScore,Non-mobile,NMo,EES,0,0,KS2_Performance,Performance,,,,,,,,,,,,,,,,,,,,,,
Establishment,25_KS2P_READSCA_MOB_EST,ReadingScaledScore_Mob_Cohort_Est_Current_Num,Reading scaled score,ReadingScaledScore,Mobile,Mob,EES,0,0,KS2_Performance,Performance,,,,,,,,,,,,,,,,,,,,,,
Establishment,25_KS2P_MATHSCA_TOT_EST,MathsScaledScore_Tot_Cohort_Est_Current_Num,Maths scaled score,MathsScaledScore,Total,Tot,EES,0,0,KS2_Performance,Performance,,,,,,,,,,,,,,,,,,,,,,
Establishment,25_KS2P_MATHSCA_BOY_EST,MathsScaledScore_Boy_Cohort_Est_Current_Num,Maths scaled score,MathsScaledScore,Boys,Boy,EES,0,0,KS2_Performance,Performance,,,,,,,,,,,,,,,,,,,,,,
Establishment,25_KS2P_MATHSCA_GRL_EST,MathsScaledScore_Grl_Cohort_Est_Current_Num,Maths scaled score,MathsScaledScore,Girls,Grl,EES,0,0,KS2_Performance,Performance,,,,,,,,,,,,,,,,,,,,,,
Establishment,25_KS2P_MATHSCA_DIS_EST,MathsScaledScore_Dis_Cohort_Est_Current_Num,Maths scaled score,MathsScaledScore,Disadvantaged,Dis,EES,0,0,KS2_Performance,Performance,,,,,,,,,,,,,,,,,,,,,,
Establishment,25_KS2P_MATHSCA_NDI_EST,MathsScaledScore_NDi_Cohort_Est_Current_Num,Maths scaled score,MathsScaledScore,Not disadvantaged,NDi,EES,0,0,KS2_Performance,Performance,,,,,,,,,,,,,,,,,,,,,,
Establishment,25_KS2P_MATHSCA_SENEHC_EST,MathsScaledScore_SENEHC_Cohort_Est_Current_Num,Maths scaled score,MathsScaledScore,SEN EHC,SENEHC,EES,0,0,KS2_Performance,Performance,,,,,,,,,,,,,,,,,,,,,,
Establishment,25_KS2P_MATHSCA_SENSUP_EST,MathsScaledScore_SENSup_Cohort_Est_Current_Num,Maths scaled score,MathsScaledScore,SEN support,SENSup,EES,0,0,KS2_Performance,Performance,,,,,,,,,,,,,,,,,,,,,,
Establishment,25_KS2P_MATHSCA_NOSEN_EST,MathsScaledScore_NoSEN_Cohort_Est_Current_Num,Maths scaled score,MathsScaledScore,No SEN,NoSEN,EES,0,0,KS2_Performance,Performance,,,,,,,,,,,,,,,,,,,,,,
Establishment,25_KS2P_MATHSCA_EFL_EST,MathsScaledScore_EFL_Cohort_Est_Current_Num,Maths scaled score,MathsScaledScore,English first language,EFL,EES,0,0,KS2_Performance,Performance,,,,,,,,,,,,,,,,,,,,,,
Establishment,25_KS2P_MATHSCA_EAL_EST,MathsScaledScore_EAL_Cohort_Est_Current_Num,Maths scaled score,MathsScaledScore,English as an additional language,EAL,EES,0,0,KS2_Performance,Performance,,,,,,,,,,,,,,,,,,,,,,
Establishment,25_KS2P_MATHSCA_NMO_EST,MathsScaledScore_NMo_Cohort_Est_Current_Num,Maths scaled score,MathsScaledScore,Non-mobile,NMo,EES,0,0,KS2_Performance,Performance,,,,,,,,,,,,,,,,,,,,,,
Establishment,25_KS2P_MATHSCA_MOB_EST,MathsScaledScore_Mob_Cohort_Est_Current_Num,Maths scaled score,MathsScaledScore,Mobile,Mob,EES,0,0,KS2_Performance,Performance,,,,,,,,,,,,,,,,,,,,,,
Establishment,25_KS2P_GPSEXP_TOT_EST,GpsExpected_Tot_Cohort_Est_Current_Num,"Grammar, punctuation and spelling expected standard",GpsExpected,Total,Tot,EES,0,0,KS2_Performance,Performance,,,,,,,,,,,,,,,,,,,,,,
Establishment,25_KS2P_GPSEXP_BOY_EST,GpsExpected_Boy_Cohort_Est_Current_Num,"Grammar, punctuation and spelling expected standard",GpsExpected,Boys,Boy,EES,0,0,KS2_Performance,Performance,,,,,,,,,,,,,,,,,,,,,,
Establishment,25_KS2P_GPSEXP_GRL_EST,GpsExpected_Grl_Cohort_Est_Current_Num,"Grammar, punctuation and spelling expected standard",GpsExpected,Girls,Grl,EES,0,0,KS2_Performance,Performance,,,,,,,,,,,,,,,,,,,,,,
Establishment,25_KS2P_GPSEXP_DIS_EST,GpsExpected_Dis_Cohort_Est_Current_Num,"Grammar, punctuation and spelling expected standard",GpsExpected,Disadvantaged,Dis,EES,0,0,KS2_Performance,Performance,,,,,,,,,,,,,,,,,,,,,,
Establishment,25_KS2P_GPSEXP_NDI_EST,GpsExpected_NDi_Cohort_Est_Current_Num,"Grammar, punctuation and spelling expected standard",GpsExpected,Not disadvantaged,NDi,EES,0,0,KS2_Performance,Performance,,,,,,,,,,,,,,,,,,,,,,
Establishment,25_KS2P_GPSEXP_SENEHC_EST,GpsExpected_SENEHC_Cohort_Est_Current_Num,"Grammar, punctuation and spelling expected standard",GpsExpected,SEN EHC,SENEHC,EES,0,0,KS2_Performance,Performance,,,,,,,,,,,,,,,,,,,,,,
Establishment,25_KS2P_GPSEXP_SENSUP_EST,GpsExpected_SENSup_Cohort_Est_Current_Num,"Grammar, punctuation and spelling expected standard",GpsExpected,SEN support,SENSup,EES,0,0,KS2_Performance,Performance,,,,,,,,,,,,,,,,,,,,,,
Establishment,25_KS2P_GPSEXP_NOSEN_EST,GpsExpected_NoSEN_Cohort_Est_Current_Num,"Grammar, punctuation and spelling expected standard",GpsExpected,No SEN,NoSEN,EES,0,0,KS2_Performance,Performance,,,,,,,,,,,,,,,,,,,,,,
Establishment,25_KS2P_GPSEXP_EFL_EST,GpsExpected_EFL_Cohort_Est_Current_Num,"Grammar, punctuation and spelling expected standard",GpsExpected,English first language,EFL,EES,0,0,KS2_Performance,Performance,,,,,,,,,,,,,,,,,,,,,,
Establishment,25_KS2P_GPSEXP_EAL_EST,GpsExpected_EAL_Cohort_Est_Current_Num,"Grammar, punctuation and spelling expected standard",GpsExpected,English as an additional language,EAL,EES,0,0,KS2_Performance,Performance,,,,,,,,,,,,,,,,,,,,,,
Establishment,25_KS2P_GPSEXP_NMO_EST,GpsExpected_NMo_Cohort_Est_Current_Num,"Grammar, punctuation and spelling expected standard",GpsExpected,Non-mobile,NMo,EES,0,0,KS2_Performance,Performance,,,,,,,,,,,,,,,,,,,,,,
Establishment,25_KS2P_GPSEXP_MOB_EST,GpsExpected_Mob_Cohort_Est_Current_Num,"Grammar, punctuation and spelling expected standard",GpsExpected,Mobile,Mob,EES,0,0,KS2_Performance,Performance,,,,,,,,,,,,,,,,,,,,,,
Establishment,25_KS2P_GPSHIG_TOT_EST,GpsHigher_Tot_Cohort_Est_Current_Num,"Grammar, punctuation and spelling higher standard",GpsHigher,Total,Tot,EES,0,0,KS2_Performance,Performance,,,,,,,,,,,,,,,,,,,,,,
Establishment,25_KS2P_GPSHIG_BOY_EST,GpsHigher_Boy_Cohort_Est_Current_Num,"Grammar, punctuation and spelling higher standard",GpsHigher,Boys,Boy,EES,0,0,KS2_Performance,Performance,,,,,,,,,,,,,,,,,,,,,,
Establishment,25_KS2P_GPSHIG_GRL_EST,GpsHigher_Grl_Cohort_Est_Current_Num,"Grammar, punctuation and spelling higher standard",GpsHigher,Girls,Grl,EES,0,0,KS2_Performance,Performance,,,,,,,,,,,,,,,,,,,,,,
Establishment,25_KS2P_GPSHIG_DIS_EST,GpsHigher_Dis_Cohort_Est_Current_Num,"Grammar, punctuation and spelling higher standard",GpsHigher,Disadvantaged,Dis,EES,0,0,KS2_Performance,Performance,,,,,,,,,,,,,,,,,,,,,,
Establishment,25_KS2P_GPSHIG_NDI_EST,GpsHigher_NDi_Cohort_Est_Current_Num,"Grammar, punctuation and spelling higher standard",GpsHigher,Not disadvantaged,NDi,EES,0,0,KS2_Performance,Performance,,,,,,,,,,,,,,,,,,,,,,
Establishment,25_KS2P_GPSHIG_SENEHC_EST,GpsHigher_SENEHC_Cohort_Est_Current_Num,"Grammar, punctuation and spelling higher standard",GpsHigher,SEN EHC,SENEHC,EES,0,0,KS2_Performance,Performance,,,,,,,,,,,,,,,,,,,,,,
Establishment,25_KS2P_GPSHIG_SENSUP_EST,GpsHigher_SENSup_Cohort_Est_Current_Num,"Grammar, punctuation and spelling higher standard",GpsHigher,SEN support,SENSup,EES,0,0,KS2_Performance,Performance,,,,,,,,,,,,,,,,,,,,,,
Establishment,25_KS2P_GPSHIG_NOSEN_EST,GpsHigher_NoSEN_Cohort_Est_Current_Num,"Grammar, punctuation and spelling higher standard",GpsHigher,No SEN,NoSEN,EES,0,0,KS2_Performance,Performance,,,,,,,,,,,,,,,,,,,,,,
Establishment,25_KS2P_GPSHIG_EFL_EST,GpsHigher_EFL_Cohort_Est_Current_Num,"Grammar, punctuation and spelling higher standard",GpsHigher,English first language,EFL,EES,0,0,KS2_Performance,Performance,,,,,,,,,,,,,,,,,,,,,,
Establishment,25_KS2P_GPSHIG_EAL_EST,GpsHigher_EAL_Cohort_Est_Current_Num,"Grammar, punctuation and spelling higher standard",GpsHigher,English as an additional language,EAL,EES,0,0,KS2_Performance,Performance,,,,,,,,,,,,,,,,,,,,,,
Establishment,25_KS2P_GPSHIG_NMO_EST,GpsHigher_NMo_Cohort_Est_Current_Num,"Grammar, punctuation and spelling higher standard",GpsHigher,Non-mobile,NMo,EES,0,0,KS2_Performance,Performance,,,,,,,,,,,,,,,,,,,,,,
Establishment,25_KS2P_GPSHIG_MOB_EST,GpsHigher_Mob_Cohort_Est_Current_Num,"Grammar, punctuation and spelling higher standard",GpsHigher,Mobile,Mob,EES,0,0,KS2_Performance,Performance,,,,,,,,,,,,,,,,,,,,,,
Establishment,24_KS2P_RWMEXP_TOT_EST,RwmExpected_Tot_Cohort_Est_Previous_Num,"Reading, writing and maths expected standard",RwmExpected,Total,Tot,EES,0,0,KS2_Performance,Performance,,,,,,,,,,,,,,,,,,,,,,
Establishment,24_KS2P_RWMEXP_READ_TOT_EST,RwmExpected_Reading_Tot_Cohort_Est_Previous_Num,"Reading, writing and maths expected standard",RwmExpected,Total,Tot,EES,0,0,KS2_Performance,Performance,,,,,,,,subject,Reading,,,,,,,,,,,,,
Establishment,24_KS2P_RWMEXP_WRIT_TOT_EST,RwmExpected_Writing_Tot_Cohort_Est_Previous_Num,"Reading, writing and maths expected standard",RwmExpected,Total,Tot,EES,0,0,KS2_Performance,Performance,,,,,,,,subject,Writing,,,,,,,,,,,,,
Establishment,24_KS2P_RWMEXP_MATH_TOT_EST,RwmExpected_Maths_Tot_Cohort_Est_Previous_Num,"Reading, writing and maths expected standard",RwmExpected,Total,Tot,EES,0,0,KS2_Performance,Performance,,,,,,,,subject,Maths,,,,,,,,,,,,,
Establishment,24_KS2P_RWMEXP_BOY_EST,RwmExpected_Boy_Cohort_Est_Previous_Num,"Reading, writing and maths expected standard",RwmExpected,Boys,Boy,EES,0,0,KS2_Performance,Performance,,,,,,,,,,,,,,,,,,,,,,
Establishment,24_KS2P_RWMEXP_READ_BOY_EST,RwmExpected_Reading_Boy_Cohort_Est_Previous_Num,"Reading, writing and maths expected standard",RwmExpected,Boys,Boy,EES,0,0,KS2_Performance,Performance,,,,,,,,subject,Reading,,,,,,,,,,,,,
Establishment,24_KS2P_RWMEXP_WRIT_BOY_EST,RwmExpected_Writing_Boy_Cohort_Est_Previous_Num,"Reading, writing and maths expected standard",RwmExpected,Boys,Boy,EES,0,0,KS2_Performance,Performance,,,,,,,,subject,Writing,,,,,,,,,,,,,
Establishment,24_KS2P_RWMEXP_MATH_BOY_EST,RwmExpected_Maths_Boy_Cohort_Est_Previous_Num,"Reading, writing and maths expected standard",RwmExpected,Boys,Boy,EES,0,0,KS2_Performance,Performance,,,,,,,,subject,Maths,,,,,,,,,,,,,
Establishment,24_KS2P_RWMEXP_GRL_EST,RwmExpected_Grl_Cohort_Est_Previous_Num,"Reading, writing and maths expected standard",RwmExpected,Girls,Grl,EES,0,0,KS2_Performance,Performance,,,,,,,,,,,,,,,,,,,,,,
Establishment,24_KS2P_RWMEXP_READ_GRL_EST,RwmExpected_Reading_Grl_Cohort_Est_Previous_Num,"Reading, writing and maths expected standard",RwmExpected,Girls,Grl,EES,0,0,KS2_Performance,Performance,,,,,,,,subject,Reading,,,,,,,,,,,,,
Establishment,24_KS2P_RWMEXP_WRIT_GRL_EST,RwmExpected_Writing_Grl_Cohort_Est_Previous_Num,"Reading, writing and maths expected standard",RwmExpected,Girls,Grl,EES,0,0,KS2_Performance,Performance,,,,,,,,subject,Writing,,,,,,,,,,,,,
Establishment,24_KS2P_RWMEXP_MATH_GRL_EST,RwmExpected_Maths_Grl_Cohort_Est_Previous_Num,"Reading, writing and maths expected standard",RwmExpected,Girls,Grl,EES,0,0,KS2_Performance,Performance,,,,,,,,subject,Maths,,,,,,,,,,,,,
Establishment,24_KS2P_RWMEXP_DIS_EST,RwmExpected_Dis_Cohort_Est_Previous_Num,"Reading, writing and maths expected standard",RwmExpected,Disadvantaged,Dis,EES,0,0,KS2_Performance,Performance,,,,,,,,,,,,,,,,,,,,,,
Establishment,24_KS2P_RWMEXP_READ_DIS_EST,RwmExpected_Reading_Dis_Cohort_Est_Previous_Num,"Reading, writing and maths expected standard",RwmExpected,Disadvantaged,Dis,EES,0,0,KS2_Performance,Performance,,,,,,,,subject,Reading,,,,,,,,,,,,,
Establishment,24_KS2P_RWMEXP_WRIT_DIS_EST,RwmExpected_Writing_Dis_Cohort_Est_Previous_Num,"Reading, writing and maths expected standard",RwmExpected,Disadvantaged,Dis,EES,0,0,KS2_Performance,Performance,,,,,,,,subject,Writing,,,,,,,,,,,,,
Establishment,24_KS2P_RWMEXP_MATH_DIS_EST,RwmExpected_Maths_Dis_Cohort_Est_Previous_Num,"Reading, writing and maths expected standard",RwmExpected,Disadvantaged,Dis,EES,0,0,KS2_Performance,Performance,,,,,,,,subject,Maths,,,,,,,,,,,,,
Establishment,24_KS2P_RWMEXP_NDI_EST,RwmExpected_NDi_Cohort_Est_Previous_Num,"Reading, writing and maths expected standard",RwmExpected,Not disadvantaged,NDi,EES,0,0,KS2_Performance,Performance,,,,,,,,,,,,,,,,,,,,,,
Establishment,24_KS2P_RWMEXP_READ_NDI_EST,RwmExpected_Reading_NDi_Cohort_Est_Previous_Num,"Reading, writing and maths expected standard",RwmExpected,Not disadvantaged,NDi,EES,0,0,KS2_Performance,Performance,,,,,,,,subject,Reading,,,,,,,,,,,,,
Establishment,24_KS2P_RWMEXP_WRIT_NDI_EST,RwmExpected_Writing_NDi_Cohort_Est_Previous_Num,"Reading, writing and maths expected standard",RwmExpected,Not disadvantaged,NDi,EES,0,0,KS2_Performance,Performance,,,,,,,,subject,Writing,,,,,,,,,,,,,
Establishment,24_KS2P_RWMEXP_MATH_NDI_EST,RwmExpected_Maths_NDi_Cohort_Est_Previous_Num,"Reading, writing and maths expected standard",RwmExpected,Not disadvantaged,NDi,EES,0,0,KS2_Performance,Performance,,,,,,,,subject,Maths,,,,,,,,,,,,,
Establishment,24_KS2P_RWMEXP_SENEHC_EST,RwmExpected_SENEHC_Cohort_Est_Previous_Num,"Reading, writing and maths expected standard",RwmExpected,SEN EHC,SENEHC,EES,0,0,KS2_Performance,Performance,,,,,,,,,,,,,,,,,,,,,,
Establishment,24_KS2P_RWMEXP_READ_SENEHC_EST,RwmExpected_Reading_SENEHC_Cohort_Est_Previous_Num,"Reading, writing and maths expected standard",RwmExpected,SEN EHC,SENEHC,EES,0,0,KS2_Performance,Performance,,,,,,,,subject,Reading,,,,,,,,,,,,,
Establishment,24_KS2P_RWMEXP_WRIT_SENEHC_EST,RwmExpected_Writing_SENEHC_Cohort_Est_Previous_Num,"Reading, writing and maths expected standard",RwmExpected,SEN EHC,SENEHC,EES,0,0,KS2_Performance,Performance,,,,,,,,subject,Writing,,,,,,,,,,,,,
Establishment,24_KS2P_RWMEXP_MATH_SENEHC_EST,RwmExpected_Maths_SENEHC_Cohort_Est_Previous_Num,"Reading, writing and maths expected standard",RwmExpected,SEN EHC,SENEHC,EES,0,0,KS2_Performance,Performance,,,,,,,,subject,Maths,,,,,,,,,,,,,
Establishment,24_KS2P_RWMEXP_SENSUP_EST,RwmExpected_SENSup_Cohort_Est_Previous_Num,"Reading, writing and maths expected standard",RwmExpected,SEN support,SENSup,EES,0,0,KS2_Performance,Performance,,,,,,,,,,,,,,,,,,,,,,
Establishment,24_KS2P_RWMEXP_READ_SENSUP_EST,RwmExpected_Reading_SENSup_Cohort_Est_Previous_Num,"Reading, writing and maths expected standard",RwmExpected,SEN support,SENSup,EES,0,0,KS2_Performance,Performance,,,,,,,,subject,Reading,,,,,,,,,,,,,
Establishment,24_KS2P_RWMEXP_WRIT_SENSUP_EST,RwmExpected_Writing_SENSup_Cohort_Est_Previous_Num,"Reading, writing and maths expected standard",RwmExpected,SEN support,SENSup,EES,0,0,KS2_Performance,Performance,,,,,,,,subject,Writing,,,,,,,,,,,,,
Establishment,24_KS2P_RWMEXP_MATH_SENSUP_EST,RwmExpected_Maths_SENSup_Cohort_Est_Previous_Num,"Reading, writing and maths expected standard",RwmExpected,SEN support,SENSup,EES,0,0,KS2_Performance,Performance,,,,,,,,subject,Maths,,,,,,,,,,,,,
Establishment,24_KS2P_RWMEXP_NOSEN_EST,RwmExpected_NoSEN_Cohort_Est_Previous_Num,"Reading, writing and maths expected standard",RwmExpected,No SEN,NoSEN,EES,0,0,KS2_Performance,Performance,,,,,,,,,,,,,,,,,,,,,,
Establishment,24_KS2P_RWMEXP_READ_NOSEN_EST,RwmExpected_Reading_NoSEN_Cohort_Est_Previous_Num,"Reading, writing and maths expected standard",RwmExpected,No SEN,NoSEN,EES,0,0,KS2_Performance,Performance,,,,,,,,subject,Reading,,,,,,,,,,,,,
Establishment,24_KS2P_RWMEXP_WRIT_NOSEN_EST,RwmExpected_Writing_NoSEN_Cohort_Est_Previous_Num,"Reading, writing and maths expected standard",RwmExpected,No SEN,NoSEN,EES,0,0,KS2_Performance,Performance,,,,,,,,subject,Writing,,,,,,,,,,,,,
Establishment,24_KS2P_RWMEXP_MATH_NOSEN_EST,RwmExpected_Maths_NoSEN_Cohort_Est_Previous_Num,"Reading, writing and maths expected standard",RwmExpected,No SEN,NoSEN,EES,0,0,KS2_Performance,Performance,,,,,,,,subject,Maths,,,,,,,,,,,,,
Establishment,24_KS2P_RWMEXP_EFL_EST,RwmExpected_EFL_Cohort_Est_Previous_Num,"Reading, writing and maths expected standard",RwmExpected,English first language,EFL,EES,0,0,KS2_Performance,Performance,,,,,,,,,,,,,,,,,,,,,,
Establishment,24_KS2P_RWMEXP_READ_EFL_EST,RwmExpected_Reading_EFL_Cohort_Est_Previous_Num,"Reading, writing and maths expected standard",RwmExpected,English first language,EFL,EES,0,0,KS2_Performance,Performance,,,,,,,,subject,Reading,,,,,,,,,,,,,
Establishment,24_KS2P_RWMEXP_WRIT_EFL_EST,RwmExpected_Writing_EFL_Cohort_Est_Previous_Num,"Reading, writing and maths expected standard",RwmExpected,English first language,EFL,EES,0,0,KS2_Performance,Performance,,,,,,,,subject,Writing,,,,,,,,,,,,,
Establishment,24_KS2P_RWMEXP_MATH_EFL_EST,RwmExpected_Maths_EFL_Cohort_Est_Previous_Num,"Reading, writing and maths expected standard",RwmExpected,English first language,EFL,EES,0,0,KS2_Performance,Performance,,,,,,,,subject,Maths,,,,,,,,,,,,,
Establishment,24_KS2P_RWMEXP_EAL_EST,RwmExpected_EAL_Cohort_Est_Previous_Num,"Reading, writing and maths expected standard",RwmExpected,English as an additional language,EAL,EES,0,0,KS2_Performance,Performance,,,,,,,,,,,,,,,,,,,,,,
Establishment,24_KS2P_RWMEXP_READ_EAL_EST,RwmExpected_Reading_EAL_Cohort_Est_Previous_Num,"Reading, writing and maths expected standard",RwmExpected,English as an additional language,EAL,EES,0,0,KS2_Performance,Performance,,,,,,,,subject,Reading,,,,,,,,,,,,,
Establishment,24_KS2P_RWMEXP_WRIT_EAL_EST,RwmExpected_Writing_EAL_Cohort_Est_Previous_Num,"Reading, writing and maths expected standard",RwmExpected,English as an additional language,EAL,EES,0,0,KS2_Performance,Performance,,,,,,,,subject,Writing,,,,,,,,,,,,,
Establishment,24_KS2P_RWMEXP_MATH_EAL_EST,RwmExpected_Maths_EAL_Cohort_Est_Previous_Num,"Reading, writing and maths expected standard",RwmExpected,English as an additional language,EAL,EES,0,0,KS2_Performance,Performance,,,,,,,,subject,Maths,,,,,,,,,,,,,
Establishment,24_KS2P_RWMEXP_NMO_EST,RwmExpected_NMo_Cohort_Est_Previous_Num,"Reading, writing and maths expected standard",RwmExpected,Non-mobile,NMo,EES,0,0,KS2_Performance,Performance,,,,,,,,,,,,,,,,,,,,,,
Establishment,24_KS2P_RWMEXP_READ_NMO_EST,RwmExpected_Reading_NMo_Cohort_Est_Previous_Num,"Reading, writing and maths expected standard",RwmExpected,Non-mobile,NMo,EES,0,0,KS2_Performance,Performance,,,,,,,,subject,Reading,,,,,,,,,,,,,
Establishment,24_KS2P_RWMEXP_WRIT_NMO_EST,RwmExpected_Writing_NMo_Cohort_Est_Previous_Num,"Reading, writing and maths expected standard",RwmExpected,Non-mobile,NMo,EES,0,0,KS2_Performance,Performance,,,,,,,,subject,Writing,,,,,,,,,,,,,
Establishment,24_KS2P_RWMEXP_MATH_NMO_EST,RwmExpected_Maths_NMo_Cohort_Est_Previous_Num,"Reading, writing and maths expected standard",RwmExpected,Non-mobile,NMo,EES,0,0,KS2_Performance,Performance,,,,,,,,subject,Maths,,,,,,,,,,,,,
Establishment,24_KS2P_RWMEXP_MOB_EST,RwmExpected_Mob_Cohort_Est_Previous_Num,"Reading, writing and maths expected standard",RwmExpected,Mobile,Mob,EES,0,0,KS2_Performance,Performance,,,,,,,,,,,,,,,,,,,,,,
Establishment,24_KS2P_RWMEXP_READ_MOB_EST,RwmExpected_Reading_Mob_Cohort_Est_Previous_Num,"Reading, writing and maths expected standard",RwmExpected,Mobile,Mob,EES,0,0,KS2_Performance,Performance,,,,,,,,subject,Reading,,,,,,,,,,,,,
Establishment,24_KS2P_RWMEXP_WRIT_MOB_EST,RwmExpected_Writing_Mob_Cohort_Est_Previous_Num,"Reading, writing and maths expected standard",RwmExpected,Mobile,Mob,EES,0,0,KS2_Performance,Performance,,,,,,,,subject,Writing,,,,,,,,,,,,,
Establishment,24_KS2P_RWMEXP_MATH_MOB_EST,RwmExpected_Maths_Mob_Cohort_Est_Previous_Num,"Reading, writing and maths expected standard",RwmExpected,Mobile,Mob,EES,0,0,KS2_Performance,Performance,,,,,,,,subject,Maths,,,,,,,,,,,,,
Establishment,24_KS2P_RWMHIG_TOT_EST,RwmHigher_Tot_Cohort_Est_Previous_Num,"Reading, writing and maths higher standard",RwmHigher,Total,Tot,EES,0,0,KS2_Performance,Performance,,,,,,,,,,,,,,,,,,,,,,
Establishment,24_KS2P_RWMHIG_READ_TOT_EST,RwmHigher_Reading_Tot_Cohort_Est_Previous_Num,"Reading, writing and maths higher standard",RwmHigher,Total,Tot,EES,0,0,KS2_Performance,Performance,,,,,,,,subject,Reading,,,,,,,,,,,,,
Establishment,24_KS2P_RWMHIG_WRIT_TOT_EST,RwmHigher_Writing_Tot_Cohort_Est_Previous_Num,"Reading, writing and maths higher standard",RwmHigher,Total,Tot,EES,0,0,KS2_Performance,Performance,,,,,,,,subject,Writing,,,,,,,,,,,,,
Establishment,24_KS2P_RWMHIG_MATH_TOT_EST,RwmHigher_Maths_Tot_Cohort_Est_Previous_Num,"Reading, writing and maths higher standard",RwmHigher,Total,Tot,EES,0,0,KS2_Performance,Performance,,,,,,,,subject,Maths,,,,,,,,,,,,,
Establishment,24_KS2P_RWMHIG_BOY_EST,RwmHigher_Boy_Cohort_Est_Previous_Num,"Reading, writing and maths higher standard",RwmHigher,Boys,Boy,EES,0,0,KS2_Performance,Performance,,,,,,,,,,,,,,,,,,,,,,
Establishment,24_KS2P_RWMHIG_READ_BOY_EST,RwmHigher_Reading_Boy_Cohort_Est_Previous_Num,"Reading, writing and maths higher standard",RwmHigher,Boys,Boy,EES,0,0,KS2_Performance,Performance,,,,,,,,subject,Reading,,,,,,,,,,,,,
Establishment,24_KS2P_RWMHIG_WRIT_BOY_EST,RwmHigher_Writing_Boy_Cohort_Est_Previous_Num,"Reading, writing and maths higher standard",RwmHigher,Boys,Boy,EES,0,0,KS2_Performance,Performance,,,,,,,,subject,Writing,,,,,,,,,,,,,
Establishment,24_KS2P_RWMHIG_MATH_BOY_EST,RwmHigher_Maths_Boy_Cohort_Est_Previous_Num,"Reading, writing and maths higher standard",RwmHigher,Boys,Boy,EES,0,0,KS2_Performance,Performance,,,,,,,,subject,Maths,,,,,,,,,,,,,
Establishment,24_KS2P_RWMHIG_GRL_EST,RwmHigher_Grl_Cohort_Est_Previous_Num,"Reading, writing and maths higher standard",RwmHigher,Girls,Grl,EES,0,0,KS2_Performance,Performance,,,,,,,,,,,,,,,,,,,,,,
Establishment,24_KS2P_RWMHIG_READ_GRL_EST,RwmHigher_Reading_Grl_Cohort_Est_Previous_Num,"Reading, writing and maths higher standard",RwmHigher,Girls,Grl,EES,0,0,KS2_Performance,Performance,,,,,,,,subject,Reading,,,,,,,,,,,,,
Establishment,24_KS2P_RWMHIG_WRIT_GRL_EST,RwmHigher_Writing_Grl_Cohort_Est_Previous_Num,"Reading, writing and maths higher standard",RwmHigher,Girls,Grl,EES,0,0,KS2_Performance,Performance,,,,,,,,subject,Writing,,,,,,,,,,,,,
Establishment,24_KS2P_RWMHIG_MATH_GRL_EST,RwmHigher_Maths_Grl_Cohort_Est_Previous_Num,"Reading, writing and maths higher standard",RwmHigher,Girls,Grl,EES,0,0,KS2_Performance,Performance,,,,,,,,subject,Maths,,,,,,,,,,,,,
Establishment,24_KS2P_RWMHIG_DIS_EST,RwmHigher_Dis_Cohort_Est_Previous_Num,"Reading, writing and maths higher standard",RwmHigher,Disadvantaged,Dis,EES,0,0,KS2_Performance,Performance,,,,,,,,,,,,,,,,,,,,,,
Establishment,24_KS2P_RWMHIG_READ_DIS_EST,RwmHigher_Reading_Dis_Cohort_Est_Previous_Num,"Reading, writing and maths higher standard",RwmHigher,Disadvantaged,Dis,EES,0,0,KS2_Performance,Performance,,,,,,,,subject,Reading,,,,,,,,,,,,,
Establishment,24_KS2P_RWMHIG_WRIT_DIS_EST,RwmHigher_Writing_Dis_Cohort_Est_Previous_Num,"Reading, writing and maths higher standard",RwmHigher,Disadvantaged,Dis,EES,0,0,KS2_Performance,Performance,,,,,,,,subject,Writing,,,,,,,,,,,,,
Establishment,24_KS2P_RWMHIG_MATH_DIS_EST,RwmHigher_Maths_Dis_Cohort_Est_Previous_Num,"Reading, writing and maths higher standard",RwmHigher,Disadvantaged,Dis,EES,0,0,KS2_Performance,Performance,,,,,,,,subject,Maths,,,,,,,,,,,,,
Establishment,24_KS2P_RWMHIG_NDI_EST,RwmHigher_NDi_Cohort_Est_Previous_Num,"Reading, writing and maths higher standard",RwmHigher,Not disadvantaged,NDi,EES,0,0,KS2_Performance,Performance,,,,,,,,,,,,,,,,,,,,,,
Establishment,24_KS2P_RWMHIG_READ_NDI_EST,RwmHigher_Reading_NDi_Cohort_Est_Previous_Num,"Reading, writing and maths higher standard",RwmHigher,Not disadvantaged,NDi,EES,0,0,KS2_Performance,Performance,,,,,,,,subject,Reading,,,,,,,,,,,,,
Establishment,24_KS2P_RWMHIG_WRIT_NDI_EST,RwmHigher_Writing_NDi_Cohort_Est_Previous_Num,"Reading, writing and maths higher standard",RwmHigher,Not disadvantaged,NDi,EES,0,0,KS2_Performance,Performance,,,,,,,,subject,Writing,,,,,,,,,,,,,
Establishment,24_KS2P_RWMHIG_MATH_NDI_EST,RwmHigher_Maths_NDi_Cohort_Est_Previous_Num,"Reading, writing and maths higher standard",RwmHigher,Not disadvantaged,NDi,EES,0,0,KS2_Performance,Performance,,,,,,,,subject,Maths,,,,,,,,,,,,,
Establishment,24_KS2P_RWMHIG_SENEHC_EST,RwmHigher_SENEHC_Cohort_Est_Previous_Num,"Reading, writing and maths higher standard",RwmHigher,SEN EHC,SENEHC,EES,0,0,KS2_Performance,Performance,,,,,,,,,,,,,,,,,,,,,,
Establishment,24_KS2P_RWMHIG_READ_SENEHC_EST,RwmHigher_Reading_SENEHC_Cohort_Est_Previous_Num,"Reading, writing and maths higher standard",RwmHigher,SEN EHC,SENEHC,EES,0,0,KS2_Performance,Performance,,,,,,,,subject,Reading,,,,,,,,,,,,,
Establishment,24_KS2P_RWMHIG_WRIT_SENEHC_EST,RwmHigher_Writing_SENEHC_Cohort_Est_Previous_Num,"Reading, writing and maths higher standard",RwmHigher,SEN EHC,SENEHC,EES,0,0,KS2_Performance,Performance,,,,,,,,subject,Writing,,,,,,,,,,,,,
Establishment,24_KS2P_RWMHIG_MATH_SENEHC_EST,RwmHigher_Maths_SENEHC_Cohort_Est_Previous_Num,"Reading, writing and maths higher standard",RwmHigher,SEN EHC,SENEHC,EES,0,0,KS2_Performance,Performance,,,,,,,,subject,Maths,,,,,,,,,,,,,
Establishment,24_KS2P_RWMHIG_SENSUP_EST,RwmHigher_SENSup_Cohort_Est_Previous_Num,"Reading, writing and maths higher standard",RwmHigher,SEN support,SENSup,EES,0,0,KS2_Performance,Performance,,,,,,,,,,,,,,,,,,,,,,
Establishment,24_KS2P_RWMHIG_READ_SENSUP_EST,RwmHigher_Reading_SENSup_Cohort_Est_Previous_Num,"Reading, writing and maths higher standard",RwmHigher,SEN support,SENSup,EES,0,0,KS2_Performance,Performance,,,,,,,,subject,Reading,,,,,,,,,,,,,
Establishment,24_KS2P_RWMHIG_WRIT_SENSUP_EST,RwmHigher_Writing_SENSup_Cohort_Est_Previous_Num,"Reading, writing and maths higher standard",RwmHigher,SEN support,SENSup,EES,0,0,KS2_Performance,Performance,,,,,,,,subject,Writing,,,,,,,,,,,,,
Establishment,24_KS2P_RWMHIG_MATH_SENSUP_EST,RwmHigher_Maths_SENSup_Cohort_Est_Previous_Num,"Reading, writing and maths higher standard",RwmHigher,SEN support,SENSup,EES,0,0,KS2_Performance,Performance,,,,,,,,subject,Maths,,,,,,,,,,,,,
Establishment,24_KS2P_RWMHIG_NOSEN_EST,RwmHigher_NoSEN_Cohort_Est_Previous_Num,"Reading, writing and maths higher standard",RwmHigher,No SEN,NoSEN,EES,0,0,KS2_Performance,Performance,,,,,,,,,,,,,,,,,,,,,,
Establishment,24_KS2P_RWMHIG_READ_NOSEN_EST,RwmHigher_Reading_NoSEN_Cohort_Est_Previous_Num,"Reading, writing and maths higher standard",RwmHigher,No SEN,NoSEN,EES,0,0,KS2_Performance,Performance,,,,,,,,subject,Reading,,,,,,,,,,,,,
Establishment,24_KS2P_RWMHIG_WRIT_NOSEN_EST,RwmHigher_Writing_NoSEN_Cohort_Est_Previous_Num,"Reading, writing and maths higher standard",RwmHigher,No SEN,NoSEN,EES,0,0,KS2_Performance,Performance,,,,,,,,subject,Writing,,,,,,,,,,,,,
Establishment,24_KS2P_RWMHIG_MATH_NOSEN_EST,RwmHigher_Maths_NoSEN_Cohort_Est_Previous_Num,"Reading, writing and maths higher standard",RwmHigher,No SEN,NoSEN,EES,0,0,KS2_Performance,Performance,,,,,,,,subject,Maths,,,,,,,,,,,,,
Establishment,24_KS2P_RWMHIG_EFL_EST,RwmHigher_EFL_Cohort_Est_Previous_Num,"Reading, writing and maths higher standard",RwmHigher,English first language,EFL,EES,0,0,KS2_Performance,Performance,,,,,,,,,,,,,,,,,,,,,,
Establishment,24_KS2P_RWMHIG_READ_EFL_EST,RwmHigher_Reading_EFL_Cohort_Est_Previous_Num,"Reading, writing and maths higher standard",RwmHigher,English first language,EFL,EES,0,0,KS2_Performance,Performance,,,,,,,,subject,Reading,,,,,,,,,,,,,
Establishment,24_KS2P_RWMHIG_WRIT_EFL_EST,RwmHigher_Writing_EFL_Cohort_Est_Previous_Num,"Reading, writing and maths higher standard",RwmHigher,English first language,EFL,EES,0,0,KS2_Performance,Performance,,,,,,,,subject,Writing,,,,,,,,,,,,,
Establishment,24_KS2P_RWMHIG_MATH_EFL_EST,RwmHigher_Maths_EFL_Cohort_Est_Previous_Num,"Reading, writing and maths higher standard",RwmHigher,English first language,EFL,EES,0,0,KS2_Performance,Performance,,,,,,,,subject,Maths,,,,,,,,,,,,,
Establishment,24_KS2P_RWMHIG_EAL_EST,RwmHigher_EAL_Cohort_Est_Previous_Num,"Reading, writing and maths higher standard",RwmHigher,English as an additional language,EAL,EES,0,0,KS2_Performance,Performance,,,,,,,,,,,,,,,,,,,,,,
Establishment,24_KS2P_RWMHIG_READ_EAL_EST,RwmHigher_Reading_EAL_Cohort_Est_Previous_Num,"Reading, writing and maths higher standard",RwmHigher,English as an additional language,EAL,EES,0,0,KS2_Performance,Performance,,,,,,,,subject,Reading,,,,,,,,,,,,,
Establishment,24_KS2P_RWMHIG_WRIT_EAL_EST,RwmHigher_Writing_EAL_Cohort_Est_Previous_Num,"Reading, writing and maths higher standard",RwmHigher,English as an additional language,EAL,EES,0,0,KS2_Performance,Performance,,,,,,,,subject,Writing,,,,,,,,,,,,,
Establishment,24_KS2P_RWMHIG_MATH_EAL_EST,RwmHigher_Maths_EAL_Cohort_Est_Previous_Num,"Reading, writing and maths higher standard",RwmHigher,English as an additional language,EAL,EES,0,0,KS2_Performance,Performance,,,,,,,,subject,Maths,,,,,,,,,,,,,
Establishment,24_KS2P_RWMHIG_NMO_EST,RwmHigher_NMo_Cohort_Est_Previous_Num,"Reading, writing and maths higher standard",RwmHigher,Non-mobile,NMo,EES,0,0,KS2_Performance,Performance,,,,,,,,,,,,,,,,,,,,,,
Establishment,24_KS2P_RWMHIG_READ_NMO_EST,RwmHigher_Reading_NMo_Cohort_Est_Previous_Num,"Reading, writing and maths higher standard",RwmHigher,Non-mobile,NMo,EES,0,0,KS2_Performance,Performance,,,,,,,,subject,Reading,,,,,,,,,,,,,
Establishment,24_KS2P_RWMHIG_WRIT_NMO_EST,RwmHigher_Writing_NMo_Cohort_Est_Previous_Num,"Reading, writing and maths higher standard",RwmHigher,Non-mobile,NMo,EES,0,0,KS2_Performance,Performance,,,,,,,,subject,Writing,,,,,,,,,,,,,
Establishment,24_KS2P_RWMHIG_MATH_NMO_EST,RwmHigher_Maths_NMo_Cohort_Est_Previous_Num,"Reading, writing and maths higher standard",RwmHigher,Non-mobile,NMo,EES,0,0,KS2_Performance,Performance,,,,,,,,subject,Maths,,,,,,,,,,,,,
Establishment,24_KS2P_RWMHIG_MOB_EST,RwmHigher_Mob_Cohort_Est_Previous_Num,"Reading, writing and maths higher standard",RwmHigher,Mobile,Mob,EES,0,0,KS2_Performance,Performance,,,,,,,,,,,,,,,,,,,,,,
Establishment,24_KS2P_RWMHIG_READ_MOB_EST,RwmHigher_Reading_Mob_Cohort_Est_Previous_Num,"Reading, writing and maths higher standard",RwmHigher,Mobile,Mob,EES,0,0,KS2_Performance,Performance,,,,,,,,subject,Reading,,,,,,,,,,,,,
Establishment,24_KS2P_RWMHIG_WRIT_MOB_EST,RwmHigher_Writing_Mob_Cohort_Est_Previous_Num,"Reading, writing and maths higher standard",RwmHigher,Mobile,Mob,EES,0,0,KS2_Performance,Performance,,,,,,,,subject,Writing,,,,,,,,,,,,,
Establishment,24_KS2P_RWMHIG_MATH_MOB_EST,RwmHigher_Maths_Mob_Cohort_Est_Previous_Num,"Reading, writing and maths higher standard",RwmHigher,Mobile,Mob,EES,0,0,KS2_Performance,Performance,,,,,,,,subject,Maths,,,,,,,,,,,,,
Establishment,24_KS2P_READSCA_TOT_EST,ReadingScaledScore_Tot_Cohort_Est_Previous_Num,Reading scaled score,ReadingScaledScore,Total,Tot,EES,0,0,KS2_Performance,Performance,,,,,,,,,,,,,,,,,,,,,,
Establishment,24_KS2P_READSCA_BOY_EST,ReadingScaledScore_Boy_Cohort_Est_Previous_Num,Reading scaled score,ReadingScaledScore,Boys,Boy,EES,0,0,KS2_Performance,Performance,,,,,,,,,,,,,,,,,,,,,,
Establishment,24_KS2P_READSCA_GRL_EST,ReadingScaledScore_Grl_Cohort_Est_Previous_Num,Reading scaled score,ReadingScaledScore,Girls,Grl,EES,0,0,KS2_Performance,Performance,,,,,,,,,,,,,,,,,,,,,,
Establishment,24_KS2P_READSCA_DIS_EST,ReadingScaledScore_Dis_Cohort_Est_Previous_Num,Reading scaled score,ReadingScaledScore,Disadvantaged,Dis,EES,0,0,KS2_Performance,Performance,,,,,,,,,,,,,,,,,,,,,,
Establishment,24_KS2P_READSCA_NDI_EST,ReadingScaledScore_NDi_Cohort_Est_Previous_Num,Reading scaled score,ReadingScaledScore,Not disadvantaged,NDi,EES,0,0,KS2_Performance,Performance,,,,,,,,,,,,,,,,,,,,,,
Establishment,24_KS2P_READSCA_SENEHC_EST,ReadingScaledScore_SENEHC_Cohort_Est_Previous_Num,Reading scaled score,ReadingScaledScore,SEN EHC,SENEHC,EES,0,0,KS2_Performance,Performance,,,,,,,,,,,,,,,,,,,,,,
Establishment,24_KS2P_READSCA_SENSUP_EST,ReadingScaledScore_SENSup_Cohort_Est_Previous_Num,Reading scaled score,ReadingScaledScore,SEN support,SENSup,EES,0,0,KS2_Performance,Performance,,,,,,,,,,,,,,,,,,,,,,
Establishment,24_KS2P_READSCA_NOSEN_EST,ReadingScaledScore_NoSEN_Cohort_Est_Previous_Num,Reading scaled score,ReadingScaledScore,No SEN,NoSEN,EES,0,0,KS2_Performance,Performance,,,,,,,,,,,,,,,,,,,,,,
Establishment,24_KS2P_READSCA_EFL_EST,ReadingScaledScore_EFL_Cohort_Est_Previous_Num,Reading scaled score,ReadingScaledScore,English first language,EFL,EES,0,0,KS2_Performance,Performance,,,,,,,,,,,,,,,,,,,,,,
Establishment,24_KS2P_READSCA_EAL_EST,ReadingScaledScore_EAL_Cohort_Est_Previous_Num,Reading scaled score,ReadingScaledScore,English as an additional language,EAL,EES,0,0,KS2_Performance,Performance,,,,,,,,,,,,,,,,,,,,,,
Establishment,24_KS2P_READSCA_NMO_EST,ReadingScaledScore_NMo_Cohort_Est_Previous_Num,Reading scaled score,ReadingScaledScore,Non-mobile,NMo,EES,0,0,KS2_Performance,Performance,,,,,,,,,,,,,,,,,,,,,,
Establishment,24_KS2P_READSCA_MOB_EST,ReadingScaledScore_Mob_Cohort_Est_Previous_Num,Reading scaled score,ReadingScaledScore,Mobile,Mob,EES,0,0,KS2_Performance,Performance,,,,,,,,,,,,,,,,,,,,,,
Establishment,24_KS2P_MATHSCA_TOT_EST,MathsScaledScore_Tot_Cohort_Est_Previous_Num,Maths scaled score,MathsScaledScore,Total,Tot,EES,0,0,KS2_Performance,Performance,,,,,,,,,,,,,,,,,,,,,,
Establishment,24_KS2P_MATHSCA_BOY_EST,MathsScaledScore_Boy_Cohort_Est_Previous_Num,Maths scaled score,MathsScaledScore,Boys,Boy,EES,0,0,KS2_Performance,Performance,,,,,,,,,,,,,,,,,,,,,,
Establishment,24_KS2P_MATHSCA_GRL_EST,MathsScaledScore_Grl_Cohort_Est_Previous_Num,Maths scaled score,MathsScaledScore,Girls,Grl,EES,0,0,KS2_Performance,Performance,,,,,,,,,,,,,,,,,,,,,,
Establishment,24_KS2P_MATHSCA_DIS_EST,MathsScaledScore_Dis_Cohort_Est_Previous_Num,Maths scaled score,MathsScaledScore,Disadvantaged,Dis,EES,0,0,KS2_Performance,Performance,,,,,,,,,,,,,,,,,,,,,,
Establishment,24_KS2P_MATHSCA_NDI_EST,MathsScaledScore_NDi_Cohort_Est_Previous_Num,Maths scaled score,MathsScaledScore,Not disadvantaged,NDi,EES,0,0,KS2_Performance,Performance,,,,,,,,,,,,,,,,,,,,,,
Establishment,24_KS2P_MATHSCA_SENEHC_EST,MathsScaledScore_SENEHC_Cohort_Est_Previous_Num,Maths scaled score,MathsScaledScore,SEN EHC,SENEHC,EES,0,0,KS2_Performance,Performance,,,,,,,,,,,,,,,,,,,,,,
Establishment,24_KS2P_MATHSCA_SENSUP_EST,MathsScaledScore_SENSup_Cohort_Est_Previous_Num,Maths scaled score,MathsScaledScore,SEN support,SENSup,EES,0,0,KS2_Performance,Performance,,,,,,,,,,,,,,,,,,,,,,
Establishment,24_KS2P_MATHSCA_NOSEN_EST,MathsScaledScore_NoSEN_Cohort_Est_Previous_Num,Maths scaled score,MathsScaledScore,No SEN,NoSEN,EES,0,0,KS2_Performance,Performance,,,,,,,,,,,,,,,,,,,,,,
Establishment,24_KS2P_MATHSCA_EFL_EST,MathsScaledScore_EFL_Cohort_Est_Previous_Num,Maths scaled score,MathsScaledScore,English first language,EFL,EES,0,0,KS2_Performance,Performance,,,,,,,,,,,,,,,,,,,,,,
Establishment,24_KS2P_MATHSCA_EAL_EST,MathsScaledScore_EAL_Cohort_Est_Previous_Num,Maths scaled score,MathsScaledScore,English as an additional language,EAL,EES,0,0,KS2_Performance,Performance,,,,,,,,,,,,,,,,,,,,,,
Establishment,24_KS2P_MATHSCA_NMO_EST,MathsScaledScore_NMo_Cohort_Est_Previous_Num,Maths scaled score,MathsScaledScore,Non-mobile,NMo,EES,0,0,KS2_Performance,Performance,,,,,,,,,,,,,,,,,,,,,,
Establishment,24_KS2P_MATHSCA_MOB_EST,MathsScaledScore_Mob_Cohort_Est_Previous_Num,Maths scaled score,MathsScaledScore,Mobile,Mob,EES,0,0,KS2_Performance,Performance,,,,,,,,,,,,,,,,,,,,,,
Establishment,24_KS2P_GPSEXP_TOT_EST,GpsExpected_Tot_Cohort_Est_Previous_Num,"Grammar, punctuation and spelling expected standard",GpsExpected,Total,Tot,EES,0,0,KS2_Performance,Performance,,,,,,,,,,,,,,,,,,,,,,
Establishment,24_KS2P_GPSEXP_BOY_EST,GpsExpected_Boy_Cohort_Est_Previous_Num,"Grammar, punctuation and spelling expected standard",GpsExpected,Boys,Boy,EES,0,0,KS2_Performance,Performance,,,,,,,,,,,,,,,,,,,,,,
Establishment,24_KS2P_GPSEXP_GRL_EST,GpsExpected_Grl_Cohort_Est_Previous_Num,"Grammar, punctuation and spelling expected standard",GpsExpected,Girls,Grl,EES,0,0,KS2_Performance,Performance,,,,,,,,,,,,,,,,,,,,,,
Establishment,24_KS2P_GPSEXP_DIS_EST,GpsExpected_Dis_Cohort_Est_Previous_Num,"Grammar, punctuation and spelling expected standard",GpsExpected,Disadvantaged,Dis,EES,0,0,KS2_Performance,Performance,,,,,,,,,,,,,,,,,,,,,,
Establishment,24_KS2P_GPSEXP_NDI_EST,GpsExpected_NDi_Cohort_Est_Previous_Num,"Grammar, punctuation and spelling expected standard",GpsExpected,Not disadvantaged,NDi,EES,0,0,KS2_Performance,Performance,,,,,,,,,,,,,,,,,,,,,,
Establishment,24_KS2P_GPSEXP_SENEHC_EST,GpsExpected_SENEHC_Cohort_Est_Previous_Num,"Grammar, punctuation and spelling expected standard",GpsExpected,SEN EHC,SENEHC,EES,0,0,KS2_Performance,Performance,,,,,,,,,,,,,,,,,,,,,,
Establishment,24_KS2P_GPSEXP_SENSUP_EST,GpsExpected_SENSup_Cohort_Est_Previous_Num,"Grammar, punctuation and spelling expected standard",GpsExpected,SEN support,SENSup,EES,0,0,KS2_Performance,Performance,,,,,,,,,,,,,,,,,,,,,,
Establishment,24_KS2P_GPSEXP_NOSEN_EST,GpsExpected_NoSEN_Cohort_Est_Previous_Num,"Grammar, punctuation and spelling expected standard",GpsExpected,No SEN,NoSEN,EES,0,0,KS2_Performance,Performance,,,,,,,,,,,,,,,,,,,,,,
Establishment,24_KS2P_GPSEXP_EFL_EST,GpsExpected_EFL_Cohort_Est_Previous_Num,"Grammar, punctuation and spelling expected standard",GpsExpected,English first language,EFL,EES,0,0,KS2_Performance,Performance,,,,,,,,,,,,,,,,,,,,,,
Establishment,24_KS2P_GPSEXP_EAL_EST,GpsExpected_EAL_Cohort_Est_Previous_Num,"Grammar, punctuation and spelling expected standard",GpsExpected,English as an additional language,EAL,EES,0,0,KS2_Performance,Performance,,,,,,,,,,,,,,,,,,,,,,
Establishment,24_KS2P_GPSEXP_NMO_EST,GpsExpected_NMo_Cohort_Est_Previous_Num,"Grammar, punctuation and spelling expected standard",GpsExpected,Non-mobile,NMo,EES,0,0,KS2_Performance,Performance,,,,,,,,,,,,,,,,,,,,,,
Establishment,24_KS2P_GPSEXP_MOB_EST,GpsExpected_Mob_Cohort_Est_Previous_Num,"Grammar, punctuation and spelling expected standard",GpsExpected,Mobile,Mob,EES,0,0,KS2_Performance,Performance,,,,,,,,,,,,,,,,,,,,,,
Establishment,24_KS2P_GPSHIG_TOT_EST,GpsHigher_Tot_Cohort_Est_Previous_Num,"Grammar, punctuation and spelling higher standard",GpsHigher,Total,Tot,EES,0,0,KS2_Performance,Performance,,,,,,,,,,,,,,,,,,,,,,
Establishment,24_KS2P_GPSHIG_BOY_EST,GpsHigher_Boy_Cohort_Est_Previous_Num,"Grammar, punctuation and spelling higher standard",GpsHigher,Boys,Boy,EES,0,0,KS2_Performance,Performance,,,,,,,,,,,,,,,,,,,,,,
Establishment,24_KS2P_GPSHIG_GRL_EST,GpsHigher_Grl_Cohort_Est_Previous_Num,"Grammar, punctuation and spelling higher standard",GpsHigher,Girls,Grl,EES,0,0,KS2_Performance,Performance,,,,,,,,,,,,,,,,,,,,,,
Establishment,24_KS2P_GPSHIG_DIS_EST,GpsHigher_Dis_Cohort_Est_Previous_Num,"Grammar, punctuation and spelling higher standard",GpsHigher,Disadvantaged,Dis,EES,0,0,KS2_Performance,Performance,,,,,,,,,,,,,,,,,,,,,,
Establishment,24_KS2P_GPSHIG_NDI_EST,GpsHigher_NDi_Cohort_Est_Previous_Num,"Grammar, punctuation and spelling higher standard",GpsHigher,Not disadvantaged,NDi,EES,0,0,KS2_Performance,Performance,,,,,,,,,,,,,,,,,,,,,,
Establishment,24_KS2P_GPSHIG_SENEHC_EST,GpsHigher_SENEHC_Cohort_Est_Previous_Num,"Grammar, punctuation and spelling higher standard",GpsHigher,SEN EHC,SENEHC,EES,0,0,KS2_Performance,Performance,,,,,,,,,,,,,,,,,,,,,,
Establishment,24_KS2P_GPSHIG_SENSUP_EST,GpsHigher_SENSup_Cohort_Est_Previous_Num,"Grammar, punctuation and spelling higher standard",GpsHigher,SEN support,SENSup,EES,0,0,KS2_Performance,Performance,,,,,,,,,,,,,,,,,,,,,,
Establishment,24_KS2P_GPSHIG_NOSEN_EST,GpsHigher_NoSEN_Cohort_Est_Previous_Num,"Grammar, punctuation and spelling higher standard",GpsHigher,No SEN,NoSEN,EES,0,0,KS2_Performance,Performance,,,,,,,,,,,,,,,,,,,,,,
Establishment,24_KS2P_GPSHIG_EFL_EST,GpsHigher_EFL_Cohort_Est_Previous_Num,"Grammar, punctuation and spelling higher standard",GpsHigher,English first language,EFL,EES,0,0,KS2_Performance,Performance,,,,,,,,,,,,,,,,,,,,,,
Establishment,24_KS2P_GPSHIG_EAL_EST,GpsHigher_EAL_Cohort_Est_Previous_Num,"Grammar, punctuation and spelling higher standard",GpsHigher,English as an additional language,EAL,EES,0,0,KS2_Performance,Performance,,,,,,,,,,,,,,,,,,,,,,
Establishment,24_KS2P_GPSHIG_NMO_EST,GpsHigher_NMo_Cohort_Est_Previous_Num,"Grammar, punctuation and spelling higher standard",GpsHigher,Non-mobile,NMo,EES,0,0,KS2_Performance,Performance,,,,,,,,,,,,,,,,,,,,,,
Establishment,24_KS2P_GPSHIG_MOB_EST,GpsHigher_Mob_Cohort_Est_Previous_Num,"Grammar, punctuation and spelling higher standard",GpsHigher,Mobile,Mob,EES,0,0,KS2_Performance,Performance,,,,,,,,,,,,,,,,,,,,,,
Establishment,23_KS2P_RWMEXP_TOT_EST,RwmExpected_Tot_Cohort_Est_Previous2_Num,"Reading, writing and maths expected standard",RwmExpected,Total,Tot,EES,0,0,KS2_Performance,Performance,,,,,,,,,,,,,,,,,,,,,,
Establishment,23_KS2P_RWMEXP_READ_TOT_EST,RwmExpected_Reading_Tot_Cohort_Est_Previous2_Num,"Reading, writing and maths expected standard",RwmExpected,Total,Tot,EES,0,0,KS2_Performance,Performance,,,,,,,,subject,Reading,,,,,,,,,,,,,
Establishment,23_KS2P_RWMEXP_WRIT_TOT_EST,RwmExpected_Writing_Tot_Cohort_Est_Previous2_Num,"Reading, writing and maths expected standard",RwmExpected,Total,Tot,EES,0,0,KS2_Performance,Performance,,,,,,,,subject,Writing,,,,,,,,,,,,,
Establishment,23_KS2P_RWMEXP_MATH_TOT_EST,RwmExpected_Maths_Tot_Cohort_Est_Previous2_Num,"Reading, writing and maths expected standard",RwmExpected,Total,Tot,EES,0,0,KS2_Performance,Performance,,,,,,,,subject,Maths,,,,,,,,,,,,,
Establishment,23_KS2P_RWMEXP_BOY_EST,RwmExpected_Boy_Cohort_Est_Previous2_Num,"Reading, writing and maths expected standard",RwmExpected,Boys,Boy,EES,0,0,KS2_Performance,Performance,,,,,,,,,,,,,,,,,,,,,,
Establishment,23_KS2P_RWMEXP_READ_BOY_EST,RwmExpected_Reading_Boy_Cohort_Est_Previous2_Num,"Reading, writing and maths expected standard",RwmExpected,Boys,Boy,EES,0,0,KS2_Performance,Performance,,,,,,,,subject,Reading,,,,,,,,,,,,,
Establishment,23_KS2P_RWMEXP_WRIT_BOY_EST,RwmExpected_Writing_Boy_Cohort_Est_Previous2_Num,"Reading, writing and maths expected standard",RwmExpected,Boys,Boy,EES,0,0,KS2_Performance,Performance,,,,,,,,subject,Writing,,,,,,,,,,,,,
Establishment,23_KS2P_RWMEXP_MATH_BOY_EST,RwmExpected_Maths_Boy_Cohort_Est_Previous2_Num,"Reading, writing and maths expected standard",RwmExpected,Boys,Boy,EES,0,0,KS2_Performance,Performance,,,,,,,,subject,Maths,,,,,,,,,,,,,
Establishment,23_KS2P_RWMEXP_GRL_EST,RwmExpected_Grl_Cohort_Est_Previous2_Num,"Reading, writing and maths expected standard",RwmExpected,Girls,Grl,EES,0,0,KS2_Performance,Performance,,,,,,,,,,,,,,,,,,,,,,
Establishment,23_KS2P_RWMEXP_READ_GRL_EST,RwmExpected_Reading_Grl_Cohort_Est_Previous2_Num,"Reading, writing and maths expected standard",RwmExpected,Girls,Grl,EES,0,0,KS2_Performance,Performance,,,,,,,,subject,Reading,,,,,,,,,,,,,
Establishment,23_KS2P_RWMEXP_WRIT_GRL_EST,RwmExpected_Writing_Grl_Cohort_Est_Previous2_Num,"Reading, writing and maths expected standard",RwmExpected,Girls,Grl,EES,0,0,KS2_Performance,Performance,,,,,,,,subject,Writing,,,,,,,,,,,,,
Establishment,23_KS2P_RWMEXP_MATH_GRL_EST,RwmExpected_Maths_Grl_Cohort_Est_Previous2_Num,"Reading, writing and maths expected standard",RwmExpected,Girls,Grl,EES,0,0,KS2_Performance,Performance,,,,,,,,subject,Maths,,,,,,,,,,,,,
Establishment,23_KS2P_RWMEXP_DIS_EST,RwmExpected_Dis_Cohort_Est_Previous2_Num,"Reading, writing and maths expected standard",RwmExpected,Disadvantaged,Dis,EES,0,0,KS2_Performance,Performance,,,,,,,,,,,,,,,,,,,,,,
Establishment,23_KS2P_RWMEXP_READ_DIS_EST,RwmExpected_Reading_Dis_Cohort_Est_Previous2_Num,"Reading, writing and maths expected standard",RwmExpected,Disadvantaged,Dis,EES,0,0,KS2_Performance,Performance,,,,,,,,subject,Reading,,,,,,,,,,,,,
Establishment,23_KS2P_RWMEXP_WRIT_DIS_EST,RwmExpected_Writing_Dis_Cohort_Est_Previous2_Num,"Reading, writing and maths expected standard",RwmExpected,Disadvantaged,Dis,EES,0,0,KS2_Performance,Performance,,,,,,,,subject,Writing,,,,,,,,,,,,,
Establishment,23_KS2P_RWMEXP_MATH_DIS_EST,RwmExpected_Maths_Dis_Cohort_Est_Previous2_Num,"Reading, writing and maths expected standard",RwmExpected,Disadvantaged,Dis,EES,0,0,KS2_Performance,Performance,,,,,,,,subject,Maths,,,,,,,,,,,,,
Establishment,23_KS2P_RWMEXP_NDI_EST,RwmExpected_NDi_Cohort_Est_Previous2_Num,"Reading, writing and maths expected standard",RwmExpected,Not disadvantaged,NDi,EES,0,0,KS2_Performance,Performance,,,,,,,,,,,,,,,,,,,,,,
Establishment,23_KS2P_RWMEXP_READ_NDI_EST,RwmExpected_Reading_NDi_Cohort_Est_Previous2_Num,"Reading, writing and maths expected standard",RwmExpected,Not disadvantaged,NDi,EES,0,0,KS2_Performance,Performance,,,,,,,,subject,Reading,,,,,,,,,,,,,
Establishment,23_KS2P_RWMEXP_WRIT_NDI_EST,RwmExpected_Writing_NDi_Cohort_Est_Previous2_Num,"Reading, writing and maths expected standard",RwmExpected,Not disadvantaged,NDi,EES,0,0,KS2_Performance,Performance,,,,,,,,subject,Writing,,,,,,,,,,,,,
Establishment,23_KS2P_RWMEXP_MATH_NDI_EST,RwmExpected_Maths_NDi_Cohort_Est_Previous2_Num,"Reading, writing and maths expected standard",RwmExpected,Not disadvantaged,NDi,EES,0,0,KS2_Performance,Performance,,,,,,,,subject,Maths,,,,,,,,,,,,,
Establishment,23_KS2P_RWMEXP_SENEHC_EST,RwmExpected_SENEHC_Cohort_Est_Previous2_Num,"Reading, writing and maths expected standard",RwmExpected,SEN EHC,SENEHC,EES,0,0,KS2_Performance,Performance,,,,,,,,,,,,,,,,,,,,,,
Establishment,23_KS2P_RWMEXP_READ_SENEHC_EST,RwmExpected_Reading_SENEHC_Cohort_Est_Previous2_Num,"Reading, writing and maths expected standard",RwmExpected,SEN EHC,SENEHC,EES,0,0,KS2_Performance,Performance,,,,,,,,subject,Reading,,,,,,,,,,,,,
Establishment,23_KS2P_RWMEXP_WRIT_SENEHC_EST,RwmExpected_Writing_SENEHC_Cohort_Est_Previous2_Num,"Reading, writing and maths expected standard",RwmExpected,SEN EHC,SENEHC,EES,0,0,KS2_Performance,Performance,,,,,,,,subject,Writing,,,,,,,,,,,,,
Establishment,23_KS2P_RWMEXP_MATH_SENEHC_EST,RwmExpected_Maths_SENEHC_Cohort_Est_Previous2_Num,"Reading, writing and maths expected standard",RwmExpected,SEN EHC,SENEHC,EES,0,0,KS2_Performance,Performance,,,,,,,,subject,Maths,,,,,,,,,,,,,
Establishment,23_KS2P_RWMEXP_SENSUP_EST,RwmExpected_SENSup_Cohort_Est_Previous2_Num,"Reading, writing and maths expected standard",RwmExpected,SEN support,SENSup,EES,0,0,KS2_Performance,Performance,,,,,,,,,,,,,,,,,,,,,,
Establishment,23_KS2P_RWMEXP_READ_SENSUP_EST,RwmExpected_Reading_SENSup_Cohort_Est_Previous2_Num,"Reading, writing and maths expected standard",RwmExpected,SEN support,SENSup,EES,0,0,KS2_Performance,Performance,,,,,,,,subject,Reading,,,,,,,,,,,,,
Establishment,23_KS2P_RWMEXP_WRIT_SENSUP_EST,RwmExpected_Writing_SENSup_Cohort_Est_Previous2_Num,"Reading, writing and maths expected standard",RwmExpected,SEN support,SENSup,EES,0,0,KS2_Performance,Performance,,,,,,,,subject,Writing,,,,,,,,,,,,,
Establishment,23_KS2P_RWMEXP_MATH_SENSUP_EST,RwmExpected_Maths_SENSup_Cohort_Est_Previous2_Num,"Reading, writing and maths expected standard",RwmExpected,SEN support,SENSup,EES,0,0,KS2_Performance,Performance,,,,,,,,subject,Maths,,,,,,,,,,,,,
Establishment,23_KS2P_RWMEXP_NOSEN_EST,RwmExpected_NoSEN_Cohort_Est_Previous2_Num,"Reading, writing and maths expected standard",RwmExpected,No SEN,NoSEN,EES,0,0,KS2_Performance,Performance,,,,,,,,,,,,,,,,,,,,,,
Establishment,23_KS2P_RWMEXP_READ_NOSEN_EST,RwmExpected_Reading_NoSEN_Cohort_Est_Previous2_Num,"Reading, writing and maths expected standard",RwmExpected,No SEN,NoSEN,EES,0,0,KS2_Performance,Performance,,,,,,,,subject,Reading,,,,,,,,,,,,,
Establishment,23_KS2P_RWMEXP_WRIT_NOSEN_EST,RwmExpected_Writing_NoSEN_Cohort_Est_Previous2_Num,"Reading, writing and maths expected standard",RwmExpected,No SEN,NoSEN,EES,0,0,KS2_Performance,Performance,,,,,,,,subject,Writing,,,,,,,,,,,,,
Establishment,23_KS2P_RWMEXP_MATH_NOSEN_EST,RwmExpected_Maths_NoSEN_Cohort_Est_Previous2_Num,"Reading, writing and maths expected standard",RwmExpected,No SEN,NoSEN,EES,0,0,KS2_Performance,Performance,,,,,,,,subject,Maths,,,,,,,,,,,,,
Establishment,23_KS2P_RWMEXP_EFL_EST,RwmExpected_EFL_Cohort_Est_Previous2_Num,"Reading, writing and maths expected standard",RwmExpected,English first language,EFL,EES,0,0,KS2_Performance,Performance,,,,,,,,,,,,,,,,,,,,,,
Establishment,23_KS2P_RWMEXP_READ_EFL_EST,RwmExpected_Reading_EFL_Cohort_Est_Previous2_Num,"Reading, writing and maths expected standard",RwmExpected,English first language,EFL,EES,0,0,KS2_Performance,Performance,,,,,,,,subject,Reading,,,,,,,,,,,,,
Establishment,23_KS2P_RWMEXP_WRIT_EFL_EST,RwmExpected_Writing_EFL_Cohort_Est_Previous2_Num,"Reading, writing and maths expected standard",RwmExpected,English first language,EFL,EES,0,0,KS2_Performance,Performance,,,,,,,,subject,Writing,,,,,,,,,,,,,
Establishment,23_KS2P_RWMEXP_MATH_EFL_EST,RwmExpected_Maths_EFL_Cohort_Est_Previous2_Num,"Reading, writing and maths expected standard",RwmExpected,English first language,EFL,EES,0,0,KS2_Performance,Performance,,,,,,,,subject,Maths,,,,,,,,,,,,,
Establishment,23_KS2P_RWMEXP_EAL_EST,RwmExpected_EAL_Cohort_Est_Previous2_Num,"Reading, writing and maths expected standard",RwmExpected,English as an additional language,EAL,EES,0,0,KS2_Performance,Performance,,,,,,,,,,,,,,,,,,,,,,
Establishment,23_KS2P_RWMEXP_READ_EAL_EST,RwmExpected_Reading_EAL_Cohort_Est_Previous2_Num,"Reading, writing and maths expected standard",RwmExpected,English as an additional language,EAL,EES,0,0,KS2_Performance,Performance,,,,,,,,subject,Reading,,,,,,,,,,,,,
Establishment,23_KS2P_RWMEXP_WRIT_EAL_EST,RwmExpected_Writing_EAL_Cohort_Est_Previous2_Num,"Reading, writing and maths expected standard",RwmExpected,English as an additional language,EAL,EES,0,0,KS2_Performance,Performance,,,,,,,,subject,Writing,,,,,,,,,,,,,
Establishment,23_KS2P_RWMEXP_MATH_EAL_EST,RwmExpected_Maths_EAL_Cohort_Est_Previous2_Num,"Reading, writing and maths expected standard",RwmExpected,English as an additional language,EAL,EES,0,0,KS2_Performance,Performance,,,,,,,,subject,Maths,,,,,,,,,,,,,
Establishment,23_KS2P_RWMEXP_NMO_EST,RwmExpected_NMo_Cohort_Est_Previous2_Num,"Reading, writing and maths expected standard",RwmExpected,Non-mobile,NMo,EES,0,0,KS2_Performance,Performance,,,,,,,,,,,,,,,,,,,,,,
Establishment,23_KS2P_RWMEXP_READ_NMO_EST,RwmExpected_Reading_NMo_Cohort_Est_Previous2_Num,"Reading, writing and maths expected standard",RwmExpected,Non-mobile,NMo,EES,0,0,KS2_Performance,Performance,,,,,,,,subject,Reading,,,,,,,,,,,,,
Establishment,23_KS2P_RWMEXP_WRIT_NMO_EST,RwmExpected_Writing_NMo_Cohort_Est_Previous2_Num,"Reading, writing and maths expected standard",RwmExpected,Non-mobile,NMo,EES,0,0,KS2_Performance,Performance,,,,,,,,subject,Writing,,,,,,,,,,,,,
Establishment,23_KS2P_RWMEXP_MATH_NMO_EST,RwmExpected_Maths_NMo_Cohort_Est_Previous2_Num,"Reading, writing and maths expected standard",RwmExpected,Non-mobile,NMo,EES,0,0,KS2_Performance,Performance,,,,,,,,subject,Maths,,,,,,,,,,,,,
Establishment,23_KS2P_RWMEXP_MOB_EST,RwmExpected_Mob_Cohort_Est_Previous2_Num,"Reading, writing and maths expected standard",RwmExpected,Mobile,Mob,EES,0,0,KS2_Performance,Performance,,,,,,,,,,,,,,,,,,,,,,
Establishment,23_KS2P_RWMEXP_READ_MOB_EST,RwmExpected_Reading_Mob_Cohort_Est_Previous2_Num,"Reading, writing and maths expected standard",RwmExpected,Mobile,Mob,EES,0,0,KS2_Performance,Performance,,,,,,,,subject,Reading,,,,,,,,,,,,,
Establishment,23_KS2P_RWMEXP_WRIT_MOB_EST,RwmExpected_Writing_Mob_Cohort_Est_Previous2_Num,"Reading, writing and maths expected standard",RwmExpected,Mobile,Mob,EES,0,0,KS2_Performance,Performance,,,,,,,,subject,Writing,,,,,,,,,,,,,
Establishment,23_KS2P_RWMEXP_MATH_MOB_EST,RwmExpected_Maths_Mob_Cohort_Est_Previous2_Num,"Reading, writing and maths expected standard",RwmExpected,Mobile,Mob,EES,0,0,KS2_Performance,Performance,,,,,,,,subject,Maths,,,,,,,,,,,,,
Establishment,23_KS2P_RWMHIG_TOT_EST,RwmHigher_Tot_Cohort_Est_Previous2_Num,"Reading, writing and maths higher standard",RwmHigher,Total,Tot,EES,0,0,KS2_Performance,Performance,,,,,,,,,,,,,,,,,,,,,,
Establishment,23_KS2P_RWMHIG_READ_TOT_EST,RwmHigher_Reading_Tot_Cohort_Est_Previous2_Num,"Reading, writing and maths higher standard",RwmHigher,Total,Tot,EES,0,0,KS2_Performance,Performance,,,,,,,,subject,Reading,,,,,,,,,,,,,
Establishment,23_KS2P_RWMHIG_WRIT_TOT_EST,RwmHigher_Writing_Tot_Cohort_Est_Previous2_Num,"Reading, writing and maths higher standard",RwmHigher,Total,Tot,EES,0,0,KS2_Performance,Performance,,,,,,,,subject,Writing,,,,,,,,,,,,,
Establishment,23_KS2P_RWMHIG_MATH_TOT_EST,RwmHigher_Maths_Tot_Cohort_Est_Previous2_Num,"Reading, writing and maths higher standard",RwmHigher,Total,Tot,EES,0,0,KS2_Performance,Performance,,,,,,,,subject,Maths,,,,,,,,,,,,,
Establishment,23_KS2P_RWMHIG_BOY_EST,RwmHigher_Boy_Cohort_Est_Previous2_Num,"Reading, writing and maths higher standard",RwmHigher,Boys,Boy,EES,0,0,KS2_Performance,Performance,,,,,,,,,,,,,,,,,,,,,,
Establishment,23_KS2P_RWMHIG_READ_BOY_EST,RwmHigher_Reading_Boy_Cohort_Est_Previous2_Num,"Reading, writing and maths higher standard",RwmHigher,Boys,Boy,EES,0,0,KS2_Performance,Performance,,,,,,,,subject,Reading,,,,,,,,,,,,,
Establishment,23_KS2P_RWMHIG_WRIT_BOY_EST,RwmHigher_Writing_Boy_Cohort_Est_Previous2_Num,"Reading, writing and maths higher standard",RwmHigher,Boys,Boy,EES,0,0,KS2_Performance,Performance,,,,,,,,subject,Writing,,,,,,,,,,,,,
Establishment,23_KS2P_RWMHIG_MATH_BOY_EST,RwmHigher_Maths_Boy_Cohort_Est_Previous2_Num,"Reading, writing and maths higher standard",RwmHigher,Boys,Boy,EES,0,0,KS2_Performance,Performance,,,,,,,,subject,Maths,,,,,,,,,,,,,
Establishment,23_KS2P_RWMHIG_GRL_EST,RwmHigher_Grl_Cohort_Est_Previous2_Num,"Reading, writing and maths higher standard",RwmHigher,Girls,Grl,EES,0,0,KS2_Performance,Performance,,,,,,,,,,,,,,,,,,,,,,
Establishment,23_KS2P_RWMHIG_READ_GRL_EST,RwmHigher_Reading_Grl_Cohort_Est_Previous2_Num,"Reading, writing and maths higher standard",RwmHigher,Girls,Grl,EES,0,0,KS2_Performance,Performance,,,,,,,,subject,Reading,,,,,,,,,,,,,
Establishment,23_KS2P_RWMHIG_WRIT_GRL_EST,RwmHigher_Writing_Grl_Cohort_Est_Previous2_Num,"Reading, writing and maths higher standard",RwmHigher,Girls,Grl,EES,0,0,KS2_Performance,Performance,,,,,,,,subject,Writing,,,,,,,,,,,,,
Establishment,23_KS2P_RWMHIG_MATH_GRL_EST,RwmHigher_Maths_Grl_Cohort_Est_Previous2_Num,"Reading, writing and maths higher standard",RwmHigher,Girls,Grl,EES,0,0,KS2_Performance,Performance,,,,,,,,subject,Maths,,,,,,,,,,,,,
Establishment,23_KS2P_RWMHIG_DIS_EST,RwmHigher_Dis_Cohort_Est_Previous2_Num,"Reading, writing and maths higher standard",RwmHigher,Disadvantaged,Dis,EES,0,0,KS2_Performance,Performance,,,,,,,,,,,,,,,,,,,,,,
Establishment,23_KS2P_RWMHIG_READ_DIS_EST,RwmHigher_Reading_Dis_Cohort_Est_Previous2_Num,"Reading, writing and maths higher standard",RwmHigher,Disadvantaged,Dis,EES,0,0,KS2_Performance,Performance,,,,,,,,subject,Reading,,,,,,,,,,,,,
Establishment,23_KS2P_RWMHIG_WRIT_DIS_EST,RwmHigher_Writing_Dis_Cohort_Est_Previous2_Num,"Reading, writing and maths higher standard",RwmHigher,Disadvantaged,Dis,EES,0,0,KS2_Performance,Performance,,,,,,,,subject,Writing,,,,,,,,,,,,,
Establishment,23_KS2P_RWMHIG_MATH_DIS_EST,RwmHigher_Maths_Dis_Cohort_Est_Previous2_Num,"Reading, writing and maths higher standard",RwmHigher,Disadvantaged,Dis,EES,0,0,KS2_Performance,Performance,,,,,,,,subject,Maths,,,,,,,,,,,,,
Establishment,23_KS2P_RWMHIG_NDI_EST,RwmHigher_NDi_Cohort_Est_Previous2_Num,"Reading, writing and maths higher standard",RwmHigher,Not disadvantaged,NDi,EES,0,0,KS2_Performance,Performance,,,,,,,,,,,,,,,,,,,,,,
Establishment,23_KS2P_RWMHIG_READ_NDI_EST,RwmHigher_Reading_NDi_Cohort_Est_Previous2_Num,"Reading, writing and maths higher standard",RwmHigher,Not disadvantaged,NDi,EES,0,0,KS2_Performance,Performance,,,,,,,,subject,Reading,,,,,,,,,,,,,
Establishment,23_KS2P_RWMHIG_WRIT_NDI_EST,RwmHigher_Writing_NDi_Cohort_Est_Previous2_Num,"Reading, writing and maths higher standard",RwmHigher,Not disadvantaged,NDi,EES,0,0,KS2_Performance,Performance,,,,,,,,subject,Writing,,,,,,,,,,,,,
Establishment,23_KS2P_RWMHIG_MATH_NDI_EST,RwmHigher_Maths_NDi_Cohort_Est_Previous2_Num,"Reading, writing and maths higher standard",RwmHigher,Not disadvantaged,NDi,EES,0,0,KS2_Performance,Performance,,,,,,,,subject,Maths,,,,,,,,,,,,,
Establishment,23_KS2P_RWMHIG_SENEHC_EST,RwmHigher_SENEHC_Cohort_Est_Previous2_Num,"Reading, writing and maths higher standard",RwmHigher,SEN EHC,SENEHC,EES,0,0,KS2_Performance,Performance,,,,,,,,,,,,,,,,,,,,,,
Establishment,23_KS2P_RWMHIG_READ_SENEHC_EST,RwmHigher_Reading_SENEHC_Cohort_Est_Previous2_Num,"Reading, writing and maths higher standard",RwmHigher,SEN EHC,SENEHC,EES,0,0,KS2_Performance,Performance,,,,,,,,subject,Reading,,,,,,,,,,,,,
Establishment,23_KS2P_RWMHIG_WRIT_SENEHC_EST,RwmHigher_Writing_SENEHC_Cohort_Est_Previous2_Num,"Reading, writing and maths higher standard",RwmHigher,SEN EHC,SENEHC,EES,0,0,KS2_Performance,Performance,,,,,,,,subject,Writing,,,,,,,,,,,,,
Establishment,23_KS2P_RWMHIG_MATH_SENEHC_EST,RwmHigher_Maths_SENEHC_Cohort_Est_Previous2_Num,"Reading, writing and maths higher standard",RwmHigher,SEN EHC,SENEHC,EES,0,0,KS2_Performance,Performance,,,,,,,,subject,Maths,,,,,,,,,,,,,
Establishment,23_KS2P_RWMHIG_SENSUP_EST,RwmHigher_SENSup_Cohort_Est_Previous2_Num,"Reading, writing and maths higher standard",RwmHigher,SEN support,SENSup,EES,0,0,KS2_Performance,Performance,,,,,,,,,,,,,,,,,,,,,,
Establishment,23_KS2P_RWMHIG_READ_SENSUP_EST,RwmHigher_Reading_SENSup_Cohort_Est_Previous2_Num,"Reading, writing and maths higher standard",RwmHigher,SEN support,SENSup,EES,0,0,KS2_Performance,Performance,,,,,,,,subject,Reading,,,,,,,,,,,,,
Establishment,23_KS2P_RWMHIG_WRIT_SENSUP_EST,RwmHigher_Writing_SENSup_Cohort_Est_Previous2_Num,"Reading, writing and maths higher standard",RwmHigher,SEN support,SENSup,EES,0,0,KS2_Performance,Performance,,,,,,,,subject,Writing,,,,,,,,,,,,,
Establishment,23_KS2P_RWMHIG_MATH_SENSUP_EST,RwmHigher_Maths_SENSup_Cohort_Est_Previous2_Num,"Reading, writing and maths higher standard",RwmHigher,SEN support,SENSup,EES,0,0,KS2_Performance,Performance,,,,,,,,subject,Maths,,,,,,,,,,,,,
Establishment,23_KS2P_RWMHIG_NOSEN_EST,RwmHigher_NoSEN_Cohort_Est_Previous2_Num,"Reading, writing and maths higher standard",RwmHigher,No SEN,NoSEN,EES,0,0,KS2_Performance,Performance,,,,,,,,,,,,,,,,,,,,,,
Establishment,23_KS2P_RWMHIG_READ_NOSEN_EST,RwmHigher_Reading_NoSEN_Cohort_Est_Previous2_Num,"Reading, writing and maths higher standard",RwmHigher,No SEN,NoSEN,EES,0,0,KS2_Performance,Performance,,,,,,,,subject,Reading,,,,,,,,,,,,,
Establishment,23_KS2P_RWMHIG_WRIT_NOSEN_EST,RwmHigher_Writing_NoSEN_Cohort_Est_Previous2_Num,"Reading, writing and maths higher standard",RwmHigher,No SEN,NoSEN,EES,0,0,KS2_Performance,Performance,,,,,,,,subject,Writing,,,,,,,,,,,,,
Establishment,23_KS2P_RWMHIG_MATH_NOSEN_EST,RwmHigher_Maths_NoSEN_Cohort_Est_Previous2_Num,"Reading, writing and maths higher standard",RwmHigher,No SEN,NoSEN,EES,0,0,KS2_Performance,Performance,,,,,,,,subject,Maths,,,,,,,,,,,,,
Establishment,23_KS2P_RWMHIG_EFL_EST,RwmHigher_EFL_Cohort_Est_Previous2_Num,"Reading, writing and maths higher standard",RwmHigher,English first language,EFL,EES,0,0,KS2_Performance,Performance,,,,,,,,,,,,,,,,,,,,,,
Establishment,23_KS2P_RWMHIG_READ_EFL_EST,RwmHigher_Reading_EFL_Cohort_Est_Previous2_Num,"Reading, writing and maths higher standard",RwmHigher,English first language,EFL,EES,0,0,KS2_Performance,Performance,,,,,,,,subject,Reading,,,,,,,,,,,,,
Establishment,23_KS2P_RWMHIG_WRIT_EFL_EST,RwmHigher_Writing_EFL_Cohort_Est_Previous2_Num,"Reading, writing and maths higher standard",RwmHigher,English first language,EFL,EES,0,0,KS2_Performance,Performance,,,,,,,,subject,Writing,,,,,,,,,,,,,
Establishment,23_KS2P_RWMHIG_MATH_EFL_EST,RwmHigher_Maths_EFL_Cohort_Est_Previous2_Num,"Reading, writing and maths higher standard",RwmHigher,English first language,EFL,EES,0,0,KS2_Performance,Performance,,,,,,,,subject,Maths,,,,,,,,,,,,,
Establishment,23_KS2P_RWMHIG_EAL_EST,RwmHigher_EAL_Cohort_Est_Previous2_Num,"Reading, writing and maths higher standard",RwmHigher,English as an additional language,EAL,EES,0,0,KS2_Performance,Performance,,,,,,,,,,,,,,,,,,,,,,
Establishment,23_KS2P_RWMHIG_READ_EAL_EST,RwmHigher_Reading_EAL_Cohort_Est_Previous2_Num,"Reading, writing and maths higher standard",RwmHigher,English as an additional language,EAL,EES,0,0,KS2_Performance,Performance,,,,,,,,subject,Reading,,,,,,,,,,,,,
Establishment,23_KS2P_RWMHIG_WRIT_EAL_EST,RwmHigher_Writing_EAL_Cohort_Est_Previous2_Num,"Reading, writing and maths higher standard",RwmHigher,English as an additional language,EAL,EES,0,0,KS2_Performance,Performance,,,,,,,,subject,Writing,,,,,,,,,,,,,
Establishment,23_KS2P_RWMHIG_MATH_EAL_EST,RwmHigher_Maths_EAL_Cohort_Est_Previous2_Num,"Reading, writing and maths higher standard",RwmHigher,English as an additional language,EAL,EES,0,0,KS2_Performance,Performance,,,,,,,,subject,Maths,,,,,,,,,,,,,
Establishment,23_KS2P_RWMHIG_NMO_EST,RwmHigher_NMo_Cohort_Est_Previous2_Num,"Reading, writing and maths higher standard",RwmHigher,Non-mobile,NMo,EES,0,0,KS2_Performance,Performance,,,,,,,,,,,,,,,,,,,,,,
Establishment,23_KS2P_RWMHIG_READ_NMO_EST,RwmHigher_Reading_NMo_Cohort_Est_Previous2_Num,"Reading, writing and maths higher standard",RwmHigher,Non-mobile,NMo,EES,0,0,KS2_Performance,Performance,,,,,,,,subject,Reading,,,,,,,,,,,,,
Establishment,23_KS2P_RWMHIG_WRIT_NMO_EST,RwmHigher_Writing_NMo_Cohort_Est_Previous2_Num,"Reading, writing and maths higher standard",RwmHigher,Non-mobile,NMo,EES,0,0,KS2_Performance,Performance,,,,,,,,subject,Writing,,,,,,,,,,,,,
Establishment,23_KS2P_RWMHIG_MATH_NMO_EST,RwmHigher_Maths_NMo_Cohort_Est_Previous2_Num,"Reading, writing and maths higher standard",RwmHigher,Non-mobile,NMo,EES,0,0,KS2_Performance,Performance,,,,,,,,subject,Maths,,,,,,,,,,,,,
Establishment,23_KS2P_RWMHIG_MOB_EST,RwmHigher_Mob_Cohort_Est_Previous2_Num,"Reading, writing and maths higher standard",RwmHigher,Mobile,Mob,EES,0,0,KS2_Performance,Performance,,,,,,,,,,,,,,,,,,,,,,
Establishment,23_KS2P_RWMHIG_READ_MOB_EST,RwmHigher_Reading_Mob_Cohort_Est_Previous2_Num,"Reading, writing and maths higher standard",RwmHigher,Mobile,Mob,EES,0,0,KS2_Performance,Performance,,,,,,,,subject,Reading,,,,,,,,,,,,,
Establishment,23_KS2P_RWMHIG_WRIT_MOB_EST,RwmHigher_Writing_Mob_Cohort_Est_Previous2_Num,"Reading, writing and maths higher standard",RwmHigher,Mobile,Mob,EES,0,0,KS2_Performance,Performance,,,,,,,,subject,Writing,,,,,,,,,,,,,
Establishment,23_KS2P_RWMHIG_MATH_MOB_EST,RwmHigher_Maths_Mob_Cohort_Est_Previous2_Num,"Reading, writing and maths higher standard",RwmHigher,Mobile,Mob,EES,0,0,KS2_Performance,Performance,,,,,,,,subject,Maths,,,,,,,,,,,,,
Establishment,23_KS2P_READSCA_TOT_EST,ReadingScaledScore_Tot_Cohort_Est_Previous2_Num,Reading scaled score,ReadingScaledScore,Total,Tot,EES,0,0,KS2_Performance,Performance,,,,,,,,,,,,,,,,,,,,,,
Establishment,23_KS2P_READSCA_BOY_EST,ReadingScaledScore_Boy_Cohort_Est_Previous2_Num,Reading scaled score,ReadingScaledScore,Boys,Boy,EES,0,0,KS2_Performance,Performance,,,,,,,,,,,,,,,,,,,,,,
Establishment,23_KS2P_READSCA_GRL_EST,ReadingScaledScore_Grl_Cohort_Est_Previous2_Num,Reading scaled score,ReadingScaledScore,Girls,Grl,EES,0,0,KS2_Performance,Performance,,,,,,,,,,,,,,,,,,,,,,
Establishment,23_KS2P_READSCA_DIS_EST,ReadingScaledScore_Dis_Cohort_Est_Previous2_Num,Reading scaled score,ReadingScaledScore,Disadvantaged,Dis,EES,0,0,KS2_Performance,Performance,,,,,,,,,,,,,,,,,,,,,,
Establishment,23_KS2P_READSCA_NDI_EST,ReadingScaledScore_NDi_Cohort_Est_Previous2_Num,Reading scaled score,ReadingScaledScore,Not disadvantaged,NDi,EES,0,0,KS2_Performance,Performance,,,,,,,,,,,,,,,,,,,,,,
Establishment,23_KS2P_READSCA_SENEHC_EST,ReadingScaledScore_SENEHC_Cohort_Est_Previous2_Num,Reading scaled score,ReadingScaledScore,SEN EHC,SENEHC,EES,0,0,KS2_Performance,Performance,,,,,,,,,,,,,,,,,,,,,,
Establishment,23_KS2P_READSCA_SENSUP_EST,ReadingScaledScore_SENSup_Cohort_Est_Previous2_Num,Reading scaled score,ReadingScaledScore,SEN support,SENSup,EES,0,0,KS2_Performance,Performance,,,,,,,,,,,,,,,,,,,,,,
Establishment,23_KS2P_READSCA_NOSEN_EST,ReadingScaledScore_NoSEN_Cohort_Est_Previous2_Num,Reading scaled score,ReadingScaledScore,No SEN,NoSEN,EES,0,0,KS2_Performance,Performance,,,,,,,,,,,,,,,,,,,,,,
Establishment,23_KS2P_READSCA_EFL_EST,ReadingScaledScore_EFL_Cohort_Est_Previous2_Num,Reading scaled score,ReadingScaledScore,English first language,EFL,EES,0,0,KS2_Performance,Performance,,,,,,,,,,,,,,,,,,,,,,
Establishment,23_KS2P_READSCA_EAL_EST,ReadingScaledScore_EAL_Cohort_Est_Previous2_Num,Reading scaled score,ReadingScaledScore,English as an additional language,EAL,EES,0,0,KS2_Performance,Performance,,,,,,,,,,,,,,,,,,,,,,
Establishment,23_KS2P_READSCA_NMO_EST,ReadingScaledScore_NMo_Cohort_Est_Previous2_Num,Reading scaled score,ReadingScaledScore,Non-mobile,NMo,EES,0,0,KS2_Performance,Performance,,,,,,,,,,,,,,,,,,,,,,
Establishment,23_KS2P_READSCA_MOB_EST,ReadingScaledScore_Mob_Cohort_Est_Previous2_Num,Reading scaled score,ReadingScaledScore,Mobile,Mob,EES,0,0,KS2_Performance,Performance,,,,,,,,,,,,,,,,,,,,,,
Establishment,23_KS2P_MATHSCA_TOT_EST,MathsScaledScore_Tot_Cohort_Est_Previous2_Num,Maths scaled score,MathsScaledScore,Total,Tot,EES,0,0,KS2_Performance,Performance,,,,,,,,,,,,,,,,,,,,,,
Establishment,23_KS2P_MATHSCA_BOY_EST,MathsScaledScore_Boy_Cohort_Est_Previous2_Num,Maths scaled score,MathsScaledScore,Boys,Boy,EES,0,0,KS2_Performance,Performance,,,,,,,,,,,,,,,,,,,,,,
Establishment,23_KS2P_MATHSCA_GRL_EST,MathsScaledScore_Grl_Cohort_Est_Previous2_Num,Maths scaled score,MathsScaledScore,Girls,Grl,EES,0,0,KS2_Performance,Performance,,,,,,,,,,,,,,,,,,,,,,
Establishment,23_KS2P_MATHSCA_DIS_EST,MathsScaledScore_Dis_Cohort_Est_Previous2_Num,Maths scaled score,MathsScaledScore,Disadvantaged,Dis,EES,0,0,KS2_Performance,Performance,,,,,,,,,,,,,,,,,,,,,,
Establishment,23_KS2P_MATHSCA_NDI_EST,MathsScaledScore_NDi_Cohort_Est_Previous2_Num,Maths scaled score,MathsScaledScore,Not disadvantaged,NDi,EES,0,0,KS2_Performance,Performance,,,,,,,,,,,,,,,,,,,,,,
Establishment,23_KS2P_MATHSCA_SENEHC_EST,MathsScaledScore_SENEHC_Cohort_Est_Previous2_Num,Maths scaled score,MathsScaledScore,SEN EHC,SENEHC,EES,0,0,KS2_Performance,Performance,,,,,,,,,,,,,,,,,,,,,,
Establishment,23_KS2P_MATHSCA_SENSUP_EST,MathsScaledScore_SENSup_Cohort_Est_Previous2_Num,Maths scaled score,MathsScaledScore,SEN support,SENSup,EES,0,0,KS2_Performance,Performance,,,,,,,,,,,,,,,,,,,,,,
Establishment,23_KS2P_MATHSCA_NOSEN_EST,MathsScaledScore_NoSEN_Cohort_Est_Previous2_Num,Maths scaled score,MathsScaledScore,No SEN,NoSEN,EES,0,0,KS2_Performance,Performance,,,,,,,,,,,,,,,,,,,,,,
Establishment,23_KS2P_MATHSCA_EFL_EST,MathsScaledScore_EFL_Cohort_Est_Previous2_Num,Maths scaled score,MathsScaledScore,English first language,EFL,EES,0,0,KS2_Performance,Performance,,,,,,,,,,,,,,,,,,,,,,
Establishment,23_KS2P_MATHSCA_EAL_EST,MathsScaledScore_EAL_Cohort_Est_Previous2_Num,Maths scaled score,MathsScaledScore,English as an additional language,EAL,EES,0,0,KS2_Performance,Performance,,,,,,,,,,,,,,,,,,,,,,
Establishment,23_KS2P_MATHSCA_NMO_EST,MathsScaledScore_NMo_Cohort_Est_Previous2_Num,Maths scaled score,MathsScaledScore,Non-mobile,NMo,EES,0,0,KS2_Performance,Performance,,,,,,,,,,,,,,,,,,,,,,
Establishment,23_KS2P_MATHSCA_MOB_EST,MathsScaledScore_Mob_Cohort_Est_Previous2_Num,Maths scaled score,MathsScaledScore,Mobile,Mob,EES,0,0,KS2_Performance,Performance,,,,,,,,,,,,,,,,,,,,,,
Establishment,23_KS2P_GPSEXP_TOT_EST,GpsExpected_Tot_Cohort_Est_Previous2_Num,"Grammar, punctuation and spelling expected standard",GpsExpected,Total,Tot,EES,0,0,KS2_Performance,Performance,,,,,,,,,,,,,,,,,,,,,,
Establishment,23_KS2P_GPSEXP_BOY_EST,GpsExpected_Boy_Cohort_Est_Previous2_Num,"Grammar, punctuation and spelling expected standard",GpsExpected,Boys,Boy,EES,0,0,KS2_Performance,Performance,,,,,,,,,,,,,,,,,,,,,,
Establishment,23_KS2P_GPSEXP_GRL_EST,GpsExpected_Grl_Cohort_Est_Previous2_Num,"Grammar, punctuation and spelling expected standard",GpsExpected,Girls,Grl,EES,0,0,KS2_Performance,Performance,,,,,,,,,,,,,,,,,,,,,,
Establishment,23_KS2P_GPSEXP_DIS_EST,GpsExpected_Dis_Cohort_Est_Previous2_Num,"Grammar, punctuation and spelling expected standard",GpsExpected,Disadvantaged,Dis,EES,0,0,KS2_Performance,Performance,,,,,,,,,,,,,,,,,,,,,,
Establishment,23_KS2P_GPSEXP_NDI_EST,GpsExpected_NDi_Cohort_Est_Previous2_Num,"Grammar, punctuation and spelling expected standard",GpsExpected,Not disadvantaged,NDi,EES,0,0,KS2_Performance,Performance,,,,,,,,,,,,,,,,,,,,,,
Establishment,23_KS2P_GPSEXP_SENEHC_EST,GpsExpected_SENEHC_Cohort_Est_Previous2_Num,"Grammar, punctuation and spelling expected standard",GpsExpected,SEN EHC,SENEHC,EES,0,0,KS2_Performance,Performance,,,,,,,,,,,,,,,,,,,,,,
Establishment,23_KS2P_GPSEXP_SENSUP_EST,GpsExpected_SENSup_Cohort_Est_Previous2_Num,"Grammar, punctuation and spelling expected standard",GpsExpected,SEN support,SENSup,EES,0,0,KS2_Performance,Performance,,,,,,,,,,,,,,,,,,,,,,
Establishment,23_KS2P_GPSEXP_NOSEN_EST,GpsExpected_NoSEN_Cohort_Est_Previous2_Num,"Grammar, punctuation and spelling expected standard",GpsExpected,No SEN,NoSEN,EES,0,0,KS2_Performance,Performance,,,,,,,,,,,,,,,,,,,,,,
Establishment,23_KS2P_GPSEXP_EFL_EST,GpsExpected_EFL_Cohort_Est_Previous2_Num,"Grammar, punctuation and spelling expected standard",GpsExpected,English first language,EFL,EES,0,0,KS2_Performance,Performance,,,,,,,,,,,,,,,,,,,,,,
Establishment,23_KS2P_GPSEXP_EAL_EST,GpsExpected_EAL_Cohort_Est_Previous2_Num,"Grammar, punctuation and spelling expected standard",GpsExpected,English as an additional language,EAL,EES,0,0,KS2_Performance,Performance,,,,,,,,,,,,,,,,,,,,,,
Establishment,23_KS2P_GPSEXP_NMO_EST,GpsExpected_NMo_Cohort_Est_Previous2_Num,"Grammar, punctuation and spelling expected standard",GpsExpected,Non-mobile,NMo,EES,0,0,KS2_Performance,Performance,,,,,,,,,,,,,,,,,,,,,,
Establishment,23_KS2P_GPSEXP_MOB_EST,GpsExpected_Mob_Cohort_Est_Previous2_Num,"Grammar, punctuation and spelling expected standard",GpsExpected,Mobile,Mob,EES,0,0,KS2_Performance,Performance,,,,,,,,,,,,,,,,,,,,,,
Establishment,23_KS2P_GPSHIG_TOT_EST,GpsHigher_Tot_Cohort_Est_Previous2_Num,"Grammar, punctuation and spelling higher standard",GpsHigher,Total,Tot,EES,0,0,KS2_Performance,Performance,,,,,,,,,,,,,,,,,,,,,,
Establishment,23_KS2P_GPSHIG_BOY_EST,GpsHigher_Boy_Cohort_Est_Previous2_Num,"Grammar, punctuation and spelling higher standard",GpsHigher,Boys,Boy,EES,0,0,KS2_Performance,Performance,,,,,,,,,,,,,,,,,,,,,,
Establishment,23_KS2P_GPSHIG_GRL_EST,GpsHigher_Grl_Cohort_Est_Previous2_Num,"Grammar, punctuation and spelling higher standard",GpsHigher,Girls,Grl,EES,0,0,KS2_Performance,Performance,,,,,,,,,,,,,,,,,,,,,,
Establishment,23_KS2P_GPSHIG_DIS_EST,GpsHigher_Dis_Cohort_Est_Previous2_Num,"Grammar, punctuation and spelling higher standard",GpsHigher,Disadvantaged,Dis,EES,0,0,KS2_Performance,Performance,,,,,,,,,,,,,,,,,,,,,,
Establishment,23_KS2P_GPSHIG_NDI_EST,GpsHigher_NDi_Cohort_Est_Previous2_Num,"Grammar, punctuation and spelling higher standard",GpsHigher,Not disadvantaged,NDi,EES,0,0,KS2_Performance,Performance,,,,,,,,,,,,,,,,,,,,,,
Establishment,23_KS2P_GPSHIG_SENEHC_EST,GpsHigher_SENEHC_Cohort_Est_Previous2_Num,"Grammar, punctuation and spelling higher standard",GpsHigher,SEN EHC,SENEHC,EES,0,0,KS2_Performance,Performance,,,,,,,,,,,,,,,,,,,,,,
Establishment,23_KS2P_GPSHIG_SENSUP_EST,GpsHigher_SENSup_Cohort_Est_Previous2_Num,"Grammar, punctuation and spelling higher standard",GpsHigher,SEN support,SENSup,EES,0,0,KS2_Performance,Performance,,,,,,,,,,,,,,,,,,,,,,
Establishment,23_KS2P_GPSHIG_NOSEN_EST,GpsHigher_NoSEN_Cohort_Est_Previous2_Num,"Grammar, punctuation and spelling higher standard",GpsHigher,No SEN,NoSEN,EES,0,0,KS2_Performance,Performance,,,,,,,,,,,,,,,,,,,,,,
Establishment,23_KS2P_GPSHIG_EFL_EST,GpsHigher_EFL_Cohort_Est_Previous2_Num,"Grammar, punctuation and spelling higher standard",GpsHigher,English first language,EFL,EES,0,0,KS2_Performance,Performance,,,,,,,,,,,,,,,,,,,,,,
Establishment,23_KS2P_GPSHIG_EAL_EST,GpsHigher_EAL_Cohort_Est_Previous2_Num,"Grammar, punctuation and spelling higher standard",GpsHigher,English as an additional language,EAL,EES,0,0,KS2_Performance,Performance,,,,,,,,,,,,,,,,,,,,,,
Establishment,23_KS2P_GPSHIG_NMO_EST,GpsHigher_NMo_Cohort_Est_Previous2_Num,"Grammar, punctuation and spelling higher standard",GpsHigher,Non-mobile,NMo,EES,0,0,KS2_Performance,Performance,,,,,,,,,,,,,,,,,,,,,,
Establishment,23_KS2P_GPSHIG_MOB_EST,GpsHigher_Mob_Cohort_Est_Previous2_Num,"Grammar, punctuation and spelling higher standard",GpsHigher,Mobile,Mob,EES,0,0,KS2_Performance,Performance,,,,,,,,,,,,,,,,,,,,,,
